code,name,1950-07,1951-07,1952-07,1953-07,1954-07,1955-07,1956-07,1957-07,1958-07,1959-07,1960-07,1961-07,1962-07,1963-07,1964-07,1965-07,1966-07,1967-07,1968-07,1969-07,1970-07,1971-07,1972-07,1973-07,1974-07,1975-07,1976-07,1977-07,1978-07,1979-07,1980-07,1981-07,1982-07,1983-07,1984-07,1985-07,1986-07,1987-07,1988-07,1989-07,1990-07,1991-07,1992-07,1993-07,1994-07,1995-07,1996-07,1997-07,1998-07,1999-07,2000-07,2001-07,2002-07,2003-07,2004-07,2005-07,2006-07,2007-07,2008-07,2009-07,2010-07,2011-07,2012-07,2013-07,2014-07
ABW,Aruba (Neth.),26.28,26.22,26.23,26.21,26.29,26.31,26.24,26.21,26.34,26.29,26.33,26.25,26.29,26.15,26.16,26.16,26.11,26.13,26.11,26.21,26.21,26.23,26.19,26.27,26.26,26.18,26.16,26.34,26.28,26.33,26.19,26.29,26.3,26.23,26.28,26.23,26.31,26.36,26.34,26.36,26.55,26.48,26.24,26.28,26.38,26.42,26.48,26.47,26.5,26.63,26.51,26.67,26.65,26.62,26.82,26.69,26.72,26.69,26.74,26.78,26.79,26.87,26.86,26.9,26.78
AFG,Afghanistan,11.73,11.64,11.41,11.28,11.46,11.48,11.28,11.8,11.31,11.67,11.63,11.53,11.56,11.17,11.25,11.34,11.32,11.39,11.2,11.2,11.25,11.21,11.47,11.34,11.49,11.3,11.34,11.33,11.6,11.67,11.63,11.67,11.58,11.31,11.56,11.7,11.66,11.87,11.72,11.85,11.9,11.93,11.54,11.53,11.74,11.94,11.96,12.09,12.19,12.3,12.08,12.24,12.56,12.25,12.38,12.28,12.37,12.48,12.2,12.44,12.47,12.73,12.55,12.68,12.75
AGO,Angola,22.08,22.11,22.08,22.05,22.11,22.12,22.03,22.14,22.09,22.16,22.18,22.16,22.12,21.79,21.84,21.99,21.95,21.95,21.99,22.11,22.13,22.07,22.06,22.17,22.18,22.12,22.15,22.15,22.11,22.18,22.21,22.29,22.24,22.13,22.13,22.13,22.32,22.31,22.29,22.38,22.53,22.44,22.02,22.1,22.31,22.37,22.34,22.5,22.58,22.53,22.59,22.76,22.67,22.72,22.84,22.66,22.64,22.68,22.74,22.77,22.78,22.81,22.92,22.93,22.87
AIA,Anguilla (U.K.),25.62,25.62,25.68,25.67,25.7,25.7,25.63,25.67,25.74,25.71,25.68,25.63,25.63,25.64,25.61,25.6,25.64,25.61,25.57,25.56,25.61,25.63,25.64,25.66,25.68,25.58,25.48,25.81,25.67,25.73,25.67,25.7,25.77,25.64,25.69,25.69,25.75,25.75,25.81,25.9,26.04,25.93,25.64,25.74,25.85,25.84,25.96,25.95,25.98,26.01,26.04,26.17,26.09,26.16,26.24,26.17,26.16,26.08,26.2,26.19,26.3,26.23,26.35,26.31,26.27
ALA,Finland,5.83,5.7,5.97,5.59,5.73,5.49,6.06,5.33,5.82,5.53,5.64,5.67,5.31,5.64,5.52,5.47,5.49,5.43,5.93,5.39,5.15,5.47,5.81,5.69,6.07,5.9,5.67,5.71,5.96,5.87,5.74,5.64,5.74,5.81,5.27,6.21,6.27,5.93,6.33,6.23,6.37,6.05,6.05,5.81,6.15,6.36,6.46,6.13,6.74,6.62,6.55,6.55,6.57,6.87,6.71,6.97,7.18,6.89,7.15,6.87,7.01,6.82,7.19,7.22,7.49
ALB,Albania,11.88,11.91,11.95,12,11.7,11.92,11.7,11.9,11.86,12.01,11.89,11.85,11.89,11.77,11.74,11.46,11.59,11.69,11.65,11.69,11.59,11.81,11.69,11.72,11.64,11.62,11.67,11.55,11.83,11.62,11.77,11.86,11.8,11.66,11.74,11.79,11.86,11.78,11.84,12,12.3,12.03,11.58,11.79,12.14,12.05,12.18,12.06,12.2,12.38,12.67,12.45,12.41,12.59,12.48,12.54,12.6,12.51,12.78,12.72,12.85,12.8,12.72,12.73,12.83
AND,Andorra,4.71,4.6,4.44,4.44,4.49,4.6,4.52,4.36,4.56,4.69,4.47,4.53,4.55,4.44,4.51,4.05,4.36,4.45,4.2,4.37,4.26,4.15,4.43,4.38,4.57,4.5,4.21,4.41,4.56,4.65,4.67,4.74,4.55,4.55,4.83,4.45,4.32,4.92,4.61,4.78,4.89,5.01,4.44,4.65,4.71,4.68,4.79,4.78,4.98,4.92,5.17,5.21,5.1,5.29,5.4,5.33,5.42,5.39,5.44,5.36,5.47,5.27,5.26,5.5,5.25
ARE,United Arab Emirates,27.02,27.04,27.03,26.98,26.95,27.03,26.94,27.13,27.05,27.09,27.15,27.01,27.15,26.86,26.78,26.84,26.87,26.9,27.02,26.96,26.96,26.86,26.91,26.94,26.97,26.96,27.03,27.08,27.06,27.11,27.2,27.18,27.17,26.94,27.13,27.18,27.28,27.16,27.27,27.32,27.45,27.43,27.09,27.05,27.34,27.5,27.35,27.62,27.61,27.73,27.65,27.87,27.85,27.78,27.75,27.82,27.86,27.98,27.96,27.86,28.05,28.03,28.04,28.1,28.17
ARG,Argentina,14.71,14.68,14.84,14.77,14.68,14.69,14.67,14.76,14.66,14.77,14.71,14.77,14.71,14.35,14.35,14.6,14.7,14.61,14.56,14.75,14.71,14.67,14.65,14.63,14.74,14.67,14.74,14.83,14.81,14.86,14.91,14.93,14.78,14.82,14.83,14.83,14.86,14.85,14.9,14.97,14.88,14.87,14.69,14.65,14.72,14.84,14.91,15.12,15.08,15.05,15.09,15.07,15.15,15.19,15.2,15.11,15.18,15.16,15.26,15.32,15.22,15.31,15.29,15.31,15.43
ARM,Armenia,6.13,6.03,6.19,6.16,6.12,5.89,5.8,5.96,5.69,6.14,6,6.04,6,5.88,5.78,5.72,5.74,5.77,5.69,5.95,5.81,5.85,5.9,5.88,5.8,5.91,5.99,5.96,5.84,6.05,6.03,6.15,5.81,5.69,6.22,6.02,6.2,6.17,6.03,6.29,6.47,6.06,5.77,6.15,6.22,6.18,6.61,6.41,6.57,6.56,6.82,6.83,6.78,6.96,6.83,6.74,6.86,6.69,6.83,6.89,6.88,6.98,7.27,7.1,7.04
ASM,American Samoa (U.S.),26.41,26.34,26.42,26.33,26.31,26.29,26.28,26.37,26.38,26.39,26.39,26.4,26.32,26.23,26.11,26.22,26.35,26.25,26.35,26.3,26.29,26.38,26.34,26.32,26.4,26.27,26.35,26.38,26.42,26.43,26.5,26.45,26.47,26.28,26.35,26.41,26.41,26.49,26.46,26.5,26.64,26.56,26.31,26.36,26.41,26.51,26.54,26.54,26.65,26.67,26.68,26.75,26.71,26.72,26.73,26.65,26.79,26.85,26.75,26.79,26.81,26.79,26.84,26.92,26.83
ATF,French Southern and Antarctic Lands (Fr.),2.59,2.61,2.5,2.65,2.64,2.59,2.63,2.66,2.75,2.6,2.8,2.68,2.53,2.46,2.5,2.48,2.53,2.48,2.63,2.6,2.71,2.61,2.77,2.63,2.62,2.6,2.7,2.68,2.78,2.75,2.73,2.84,2.77,2.76,2.81,2.83,2.78,2.79,2.82,3.12,3.09,3.06,2.93,2.87,3.07,3.13,3.07,3,3.05,3.28,3.13,3.13,3.12,3.14,3.15,3.21,3.21,3.17,3.3,3.38,3.32,3.34,3.34,3.34,3.31
ATG,Antigua and Barbuda,25.65,25.69,25.67,25.69,25.75,25.75,25.68,25.69,25.79,25.75,25.76,25.7,25.7,25.67,25.6,25.64,25.63,25.62,25.61,25.61,25.66,25.68,25.66,25.7,25.75,25.62,25.52,25.85,25.72,25.77,25.7,25.75,25.83,25.69,25.67,25.73,25.81,25.78,25.83,25.88,26.05,25.97,25.68,25.78,25.88,25.86,26,25.98,25.99,26.03,26.04,26.2,26.15,26.17,26.28,26.19,26.2,26.11,26.24,26.26,26.33,26.27,26.36,26.34,26.28
AUS,Australia,21.82,21.87,21.92,21.77,21.87,21.72,21.81,21.91,21.99,21.86,21.96,21.99,21.87,21.54,21.45,21.68,21.8,21.81,21.81,21.87,21.8,21.85,21.76,22.05,21.81,21.74,21.93,21.91,21.97,22.06,22.05,22.04,22.09,21.91,22.06,21.94,22.11,22.02,22.08,22.09,22.26,22.16,21.65,21.89,22.08,22.02,22.03,22.22,22.39,22.28,22.4,22.43,22.34,22.53,22.57,22.44,22.31,22.54,22.54,22.54,22.7,22.63,22.6,22.71,22.67
AUT,Austria,5.84,5.7,5.94,5.83,5.59,5.91,5.9,5.52,5.93,5.98,5.93,5.76,5.74,5.71,5.65,5.38,5.42,5.7,5.66,5.69,5.5,5.74,5.63,5.86,5.9,5.6,5.54,5.62,5.94,5.7,5.9,5.75,5.75,5.74,5.82,5.94,5.86,6.01,5.86,6.43,6.41,6.18,5.62,5.98,6.34,6.06,6.46,6.33,6.45,6.38,6.77,6.5,6.5,6.82,6.73,7.02,6.92,6.94,7.12,7.07,7.09,7.12,6.95,6.98,7.02
AZE,Azerbaijan,11.64,11.67,11.69,11.66,11.64,11.56,11.48,11.66,11.36,11.75,11.67,11.66,11.6,11.54,11.42,11.24,11.4,11.4,11.41,11.5,11.38,11.41,11.53,11.44,11.5,11.47,11.47,11.5,11.46,11.61,11.69,11.63,11.53,11.25,11.63,11.71,11.82,11.75,11.68,11.82,12.11,11.71,11.43,11.63,11.83,11.89,12.17,12.06,12.24,12.16,12.37,12.46,12.41,12.42,12.37,12.38,12.44,12.43,12.5,12.58,12.43,12.5,12.71,12.75,12.65
BDI,Burundi,20.14,20.21,20.12,20.14,20.19,20.14,20.11,20.17,20.13,20.13,20.26,20.18,20.13,19.88,19.92,20.05,20.05,20,20.11,20.14,20.18,20.1,20.13,20.22,20.2,20.18,20.16,20.22,20.15,20.29,20.3,20.34,20.18,20.22,20.21,20.18,20.33,20.34,20.31,20.4,20.47,20.35,20.1,20.15,20.25,20.41,20.46,20.49,20.52,20.51,20.56,20.68,20.67,20.62,20.64,20.64,20.69,20.58,20.7,20.72,20.74,20.88,20.83,20.81,20.79
BEL,Belgium,9.44,9.38,9.4,9.27,9.19,9.3,9.55,9.11,9.24,9.25,9.24,9.3,9.32,9.37,9.06,9.33,9.06,9.28,9.19,8.91,8.9,9.09,9.15,9.29,9.56,9.36,9.19,9.24,9.49,9.25,9.5,9.37,9.32,9.22,9.28,9.63,9.34,9.54,9.69,9.82,9.75,9.58,9.36,9.49,9.65,9.62,9.8,9.71,9.81,9.92,10.02,9.9,9.9,10.19,9.96,10.19,10.29,10.17,10.4,10.61,10.46,10.37,10.29,10.37,10.23
BEN,Benin,27.33,27.53,27.4,27.46,27.43,27.37,27.33,27.53,27.42,27.46,27.47,27.39,27.45,27.14,27.05,27.29,27.25,27.29,27.38,27.41,27.36,27.36,27.36,27.43,27.36,27.32,27.38,27.57,27.39,27.5,27.5,27.54,27.52,27.45,27.47,27.39,27.6,27.53,27.56,27.54,27.76,27.61,27.31,27.35,27.48,27.54,27.57,27.71,27.66,27.66,27.79,27.94,27.77,27.86,27.84,27.82,27.85,27.84,27.88,27.87,28.03,27.97,28.03,28.04,28.12
BES,"Bonaire, Sint Eustatius and Saba",26.2,26.16,26.18,26.15,26.23,26.25,26.2,26.15,26.28,26.23,26.26,26.18,26.22,26.08,26.09,26.14,26.09,26.1,26.1,26.13,26.18,26.18,26.14,26.22,26.2,26.14,26.11,26.29,26.2,26.28,26.12,26.22,26.27,26.17,26.21,26.17,26.28,26.31,26.33,26.29,26.48,26.42,26.16,26.23,26.3,26.36,26.45,26.42,26.45,26.52,26.47,26.63,26.59,26.59,26.75,26.64,26.66,26.61,26.67,26.73,26.74,26.78,26.81,26.79,26.76
BFA,Burkina Faso,28.09,28.33,28.17,28.2,28.26,28.12,28.12,28.37,28.18,28.21,28.34,28.17,28.21,27.83,27.8,28.08,28.02,28.02,28.16,28.18,28.21,28.14,28.18,28.26,28.12,28.11,28.18,28.39,28.2,28.35,28.36,28.35,28.32,28.25,28.28,28.21,28.48,28.39,28.31,28.36,28.6,28.44,28.11,28.14,28.35,28.38,28.38,28.63,28.46,28.59,28.68,28.86,28.75,28.8,28.77,28.72,28.78,28.82,28.83,28.82,28.91,28.95,28.95,28.93,29.06
BGD,Bangladesh,25.6,25.6,25.46,25.51,25.58,25.41,25.49,25.39,25.52,25.58,25.46,25.6,25.52,25.41,25.28,25.3,25.47,25.25,25.28,25.32,25.36,25.37,25.36,25.39,25.38,25.31,25.34,25.42,25.26,25.52,25.47,25.52,25.43,25.33,25.54,25.48,25.55,25.6,25.48,25.46,25.59,25.56,25.11,25.22,25.42,25.48,25.46,25.62,25.52,25.62,25.68,25.75,25.77,25.64,25.6,25.66,25.72,25.6,25.6,25.63,25.8,25.76,25.85,25.78,25.83
BGR,Bulgaria,10.76,10.76,10.71,10.92,10.54,10.65,10.44,10.58,10.81,10.93,10.9,10.76,10.71,10.55,10.68,10.3,10.31,10.55,10.45,10.53,10.22,10.65,10.49,10.67,10.37,10.34,10.43,10.33,10.51,10.48,10.42,10.6,10.5,10.34,10.63,10.55,10.81,10.59,10.78,10.88,11.28,10.83,10.32,10.65,11.05,11,11.15,11.07,10.95,11.49,11.61,11.41,11.35,11.56,11.57,11.61,11.63,11.48,11.97,11.82,11.99,11.89,11.74,11.85,11.95
BHR,Bahrain,25.72,25.71,25.65,25.7,25.59,25.64,25.56,25.73,25.58,25.68,25.74,25.64,25.58,25.43,25.36,25.36,25.47,25.48,25.54,25.47,25.42,25.37,25.52,25.43,25.48,25.47,25.57,25.61,25.53,25.58,25.63,25.76,25.65,25.38,25.67,25.74,25.84,25.7,25.75,25.76,25.97,25.85,25.5,25.54,25.75,25.91,25.95,26.14,26.14,26.2,26.07,26.46,26.35,26.21,26.25,26.3,26.38,26.32,26.4,26.23,26.53,26.35,26.51,26.61,26.63
BHS,The Bahamas,25.05,25.05,24.95,24.99,24.99,25.01,25.04,24.99,25.01,25.07,25.03,25.07,25,24.91,24.86,24.8,24.94,24.96,24.94,24.91,24.83,24.93,24.95,24.94,24.99,24.93,24.93,24.98,24.99,25.05,25.07,25.06,25.03,24.96,24.92,25.1,25.09,25.08,25.1,25.21,25.28,25.22,25.04,25.08,25.07,25.19,25.18,25.27,25.35,25.35,25.47,25.38,25.49,25.42,25.42,25.47,25.55,25.5,25.52,25.56,25.76,25.64,25.61,25.72,25.58
BIH,Bosnia and Herzegovina,9.49,9.31,9.47,9.55,9.09,9.49,9.22,9.2,9.47,9.59,9.41,9.26,9.41,9.17,9.23,8.99,9.09,9.21,9.07,9.13,8.88,9.3,9.1,9.24,9.23,9.09,9.08,9.01,9.53,9,9.29,9.31,9.42,9.19,9.21,9.37,9.29,9.23,9.33,9.75,9.99,9.64,9.07,9.39,9.87,9.68,9.78,9.71,9.83,9.92,10.26,10.04,9.96,10.34,10.17,10.27,10.42,10.3,10.5,10.6,10.67,10.59,10.4,10.46,10.58
BLM,Saint-Barthélemy (Fr.),25.64,25.65,25.72,25.7,25.73,25.73,25.67,25.68,25.77,25.74,25.72,25.68,25.68,25.67,25.63,25.63,25.68,25.64,25.6,25.59,25.65,25.66,25.67,25.7,25.71,25.59,25.51,25.85,25.7,25.75,25.7,25.72,25.8,25.68,25.7,25.71,25.78,25.76,25.83,25.92,26.05,25.96,25.67,25.77,25.88,25.87,25.99,25.98,25.99,26.03,26.05,26.23,26.12,26.18,26.27,26.19,26.19,26.11,26.22,26.23,26.33,26.26,26.37,26.34,26.3
BLR,Belarus,6.17,5.61,6.06,6.1,5.73,5.93,6.02,5.5,6.02,5.74,6.04,6,5.62,5.86,6.02,5.9,5.76,5.71,5.88,5.63,5.34,5.81,5.63,5.83,6.27,5.76,5.83,5.88,5.93,6.04,5.96,5.7,5.66,5.8,5.86,6.23,6.23,6.16,6.23,6.35,6.59,6.1,5.64,6.05,6.3,6.37,6.99,6.75,6.87,6.67,7.01,6.88,6.93,7.11,6.69,7.32,7.18,7.13,7.33,7.23,7.53,6.93,7.2,7.45,7.5
BLZ,Belize,25.23,25.27,25.21,25.28,25.39,25.35,25.23,25.21,25.32,25.25,25.31,25.28,25.31,25.08,25.1,25.08,25.12,25.12,25.32,25.27,25.12,25.16,25.22,25.27,25.29,25.26,25.29,25.33,25.26,25.37,25.28,25.42,25.3,25.18,25.17,25.32,25.47,25.41,25.45,25.51,25.64,25.48,25.27,25.33,25.41,25.4,25.51,25.63,25.64,25.64,25.8,25.73,25.77,25.77,25.82,25.84,25.73,25.79,25.76,25.91,25.97,25.88,25.93,26.05,25.95
BMU,Bermuda (U.K.),21.55,21.54,21.3,21.43,21.39,21.34,21.36,21.38,21.39,21.5,21.31,21.45,21.43,21.21,21.24,21.2,21.29,21.29,21.34,21.25,21.29,21.29,21.37,21.33,21.43,21.3,21.26,21.35,21.38,21.38,21.32,21.43,21.45,21.42,21.37,21.44,21.48,21.61,21.53,21.72,21.66,21.76,21.52,21.58,21.54,21.65,21.65,21.68,21.77,21.78,21.79,21.84,21.91,21.88,21.84,21.88,21.97,21.97,22.01,22.01,22.24,22.03,22,22.06,22.08
BOL,Bolivia,20.23,20.1,20.26,20.23,20.25,20.25,20.05,20.24,20.23,20.18,20.18,20.2,20.25,19.76,19.86,20.05,20.07,19.97,20.01,20.15,20.1,20.13,20.17,20.21,20.16,19.97,20.19,20.32,20.29,20.36,20.43,20.48,20.37,20.14,20.27,20.14,20.45,20.42,20.41,20.5,20.75,20.62,20.03,20.29,20.36,20.43,20.43,20.68,20.72,20.65,20.68,20.89,20.89,20.86,20.93,20.86,20.73,20.77,20.9,21.01,21.13,21.17,21.22,21.16,21.28
BRA,Brazil,24.88,24.86,24.92,24.88,24.97,24.95,24.78,24.97,24.99,24.86,25.02,24.93,24.92,24.55,24.66,24.74,24.82,24.73,24.79,24.87,24.8,24.89,24.9,24.98,24.93,24.74,24.92,25.06,24.99,25.05,25.04,25.16,25.09,24.83,25,24.93,25.15,25.14,25.15,25.19,25.43,25.3,24.72,24.96,25.06,25.17,25.18,25.35,25.44,25.35,25.42,25.68,25.53,25.58,25.66,25.54,25.48,25.48,25.62,25.71,25.72,25.79,25.9,25.87,25.84
BRB,Barbados,25.85,25.94,25.95,25.85,25.96,26,25.9,25.89,26.01,25.97,26.04,26.02,25.94,25.84,25.81,25.86,25.8,25.85,25.85,25.88,25.84,25.97,25.86,26.02,25.97,25.86,25.8,26.07,25.95,26.02,25.93,25.98,25.97,25.92,25.96,25.96,26.05,26.07,26.15,26.08,26.23,26.2,25.89,25.96,26.06,26.11,26.19,26.23,26.21,26.3,26.27,26.43,26.39,26.42,26.54,26.44,26.43,26.34,26.46,26.49,26.53,26.58,26.61,26.63,26.52
BRN,Brunei Darussalam,26.38,26.35,26.29,26.27,26.25,26.35,26.29,26.31,26.4,26.32,26.32,26.3,26.31,26.12,26.17,26.17,26.23,26.24,26.25,26.3,26.24,26.26,26.24,26.32,26.31,26.25,26.28,26.36,26.32,26.37,26.37,26.38,26.37,26.25,26.35,26.33,26.46,26.45,26.46,26.45,26.61,26.52,26.14,26.29,26.4,26.5,26.47,26.53,26.61,26.62,26.63,26.73,26.67,26.68,26.79,26.72,26.69,26.71,26.78,26.79,26.77,26.83,26.92,26.84,26.83
BTN,Bhutan,9.25,9.32,9.16,9.25,9.23,9.19,9.2,9.16,9.17,9.23,9.22,9.3,9.28,9.15,9.08,9.1,9.18,9.03,9,8.99,9.08,9.18,9.12,9.07,9.17,9.14,9.07,9.19,9.14,9.3,9.2,9.26,9.15,9.04,9.28,9.24,9.25,9.41,9.39,9.32,9.45,9.38,8.95,8.98,9.26,9.36,9.38,9.5,9.44,9.56,9.51,9.71,9.72,9.6,9.62,9.64,9.69,9.61,9.64,9.58,9.79,9.77,9.87,9.83,9.94
BVT,Bouvet Island (Nor.),-0.93,-0.89,-0.93,-0.9,-1.09,-0.92,-1,-0.9,-0.93,-0.91,-0.76,-0.92,-1.09,-0.72,-1.06,-1.1,-0.89,-1.01,-1.14,-1.2,-1.05,-1.01,-0.83,-0.94,-0.94,-0.87,-0.72,-0.8,-0.86,-0.77,-0.83,-0.85,-0.8,-0.83,-0.8,-0.74,-0.68,-0.57,-0.59,-0.56,-0.61,-0.61,-0.79,-0.58,-0.73,-0.69,-0.49,-0.37,-0.45,-0.4,-0.5,-0.5,-0.58,-0.43,-0.44,-0.43,-0.46,-0.32,-0.28,-0.34,-0.24,-0.36,-0.38,-0.34,-0.38
BWA,Botswana,21.62,21.69,21.68,21.51,21.51,21.78,21.45,21.89,21.67,21.62,21.74,21.73,21.7,21.15,21.21,21.54,21.43,21.56,21.52,21.69,21.54,21.66,21.6,21.73,21.73,21.71,21.6,21.64,21.7,21.72,21.88,21.81,21.88,21.66,21.71,21.61,21.86,22.07,21.93,21.98,22.18,22.08,21.5,21.6,21.82,22.02,21.92,22.09,22.4,22.05,22.35,22.31,22.42,22.38,22.59,22.49,22.25,22.27,22.43,22.28,22.48,22.34,22.56,22.72,22.56
CAF,Central African Republic,25.86,25.95,25.93,25.93,25.85,25.84,25.8,25.93,25.89,25.9,25.96,25.97,25.95,25.6,25.56,25.71,25.72,25.8,25.88,25.83,25.89,25.81,25.92,25.93,25.92,25.88,25.82,25.97,25.92,25.99,25.97,26.09,25.96,25.93,25.97,25.93,26.11,26.04,26.14,26.13,26.27,26.09,25.84,25.85,26.02,26,26.06,26.2,26.21,26.17,26.3,26.48,26.44,26.36,26.35,26.35,26.4,26.32,26.39,26.42,26.49,26.54,26.6,26.63,26.65
CAN,Canada,-4.25,-4.39,-4.35,-4.36,-4.45,-4.23,-4.43,-4.46,-4.24,-4.57,-4.46,-4.35,-4.51,-4.49,-4.7,-4.55,-4.51,-4.58,-4.83,-4.44,-4.43,-4.49,-4.71,-4.57,-4.36,-4.32,-4.71,-4.41,-4.38,-4.31,-4.4,-4.19,-4.23,-4.59,-4.39,-4.42,-4.18,-4.04,-4.35,-4.14,-3.71,-3.96,-4.6,-4.45,-4.07,-4.09,-3.88,-3.59,-3.61,-3.42,-3.49,-3.43,-3.44,-3.1,-3.11,-3.11,-3.35,-3.05,-2.95,-3.13,-3.01,-2.96,-2.87,-2.86,-2.58
CCK,Cocos (Keeling) Islands (Aus.),25.76,25.69,25.71,25.74,25.76,25.72,25.71,25.73,25.77,25.75,25.76,25.77,25.75,25.6,25.58,25.54,25.68,25.62,25.7,25.72,25.69,25.73,25.72,25.71,25.74,25.69,25.74,25.81,25.82,25.91,25.84,25.83,25.93,25.8,25.79,25.79,25.95,25.87,25.98,25.99,25.98,25.94,25.65,25.72,25.82,26.01,25.87,25.92,26,26.03,26.1,26.12,26.05,26.12,26.16,26.02,26.08,26.11,26.11,26.2,26.23,26.24,26.31,26.3,26.17
CHE,Switzerland,4.52,4.39,4.69,4.37,4.23,4.58,4.54,4.29,4.54,4.57,4.5,4.37,4.31,4.43,4.25,4.11,4.32,4.36,4.34,4.31,4.17,4.1,4.38,4.46,4.64,4.31,4.18,4.23,4.57,4.43,4.66,4.54,4.43,4.38,4.53,4.43,4.37,4.67,4.6,4.94,4.92,4.93,4.34,4.56,4.93,4.73,5.02,4.89,5.15,5.04,5.28,5.12,5.13,5.43,5.35,5.47,5.57,5.43,5.6,5.55,5.67,5.71,5.48,5.65,5.59
CHL,Chile,8.76,8.74,8.76,8.65,8.68,8.69,8.7,8.73,8.78,8.73,8.74,8.8,8.71,8.52,8.5,8.67,8.68,8.68,8.66,8.7,8.72,8.68,8.65,8.73,8.76,8.73,8.74,8.82,8.81,8.8,8.8,8.85,8.87,8.77,8.84,8.85,8.93,8.86,8.89,8.97,9.01,8.94,8.76,8.71,8.84,8.79,8.89,9.01,8.99,8.97,9.03,9.11,9.13,9.21,9.13,9.14,9.16,9.2,9.21,9.22,9.24,9.26,9.28,9.29,9.3
CHN,China,6.63,6.54,6.42,6.52,6.46,6.6,6.58,6.56,6.42,6.5,6.45,6.6,6.54,6.52,6.32,6.22,6.35,6.35,6.26,6.3,6.32,6.26,6.33,6.4,6.45,6.35,6.19,6.43,6.49,6.4,6.53,6.5,6.47,6.06,6.25,6.48,6.53,6.61,6.6,6.68,6.75,6.69,6.24,6.32,6.55,6.67,6.78,6.86,6.86,6.94,7.02,7.15,7.14,7.09,7.07,7.25,7.24,7.09,7.12,7.17,7.31,7.41,7.4,7.47,7.34
CIV,Côte d'Ivoire,26.27,26.4,26.32,26.34,26.41,26.34,26.24,26.37,26.37,26.36,26.39,26.27,26.35,26.07,25.97,26.24,26.21,26.14,26.29,26.38,26.35,26.36,26.34,26.41,26.3,26.27,26.33,26.4,26.37,26.43,26.42,26.51,26.43,26.41,26.4,26.42,26.56,26.47,26.54,26.5,26.66,26.58,26.28,26.31,26.48,26.5,26.48,26.69,26.69,26.67,26.77,26.87,26.79,26.82,26.85,26.84,26.83,26.82,26.85,26.88,26.96,26.99,27.04,27.04,27.06
CMR,Cameroon,24.53,24.67,24.57,24.6,24.55,24.55,24.49,24.61,24.58,24.57,24.65,24.58,24.61,24.3,24.22,24.4,24.45,24.43,24.47,24.49,24.52,24.48,24.53,24.59,24.55,24.51,24.49,24.65,24.61,24.67,24.65,24.72,24.66,24.57,24.63,24.6,24.79,24.7,24.76,24.72,24.91,24.81,24.45,24.51,24.68,24.7,24.74,24.89,24.88,24.87,24.96,25.11,25.06,25.06,25.06,25.06,25.08,25.05,25.11,25.14,25.18,25.25,25.32,25.3,25.29
COD,Democratic Republic of Congo,24.14,24.22,24.14,24.17,24.13,24.16,24.09,24.17,24.18,24.2,24.25,24.18,24.21,23.91,23.82,23.96,24.02,24.02,24.09,24.1,24.13,24.07,24.16,24.21,24.22,24.18,24.17,24.23,24.13,24.26,24.28,24.34,24.25,24.23,24.21,24.19,24.36,24.36,24.36,24.37,24.47,24.4,24.1,24.12,24.25,24.3,24.37,24.45,24.5,24.5,24.58,24.77,24.67,24.65,24.67,24.66,24.69,24.61,24.71,24.73,24.75,24.84,24.89,24.87,24.83
COG,Congo,24.8,24.9,24.81,24.78,24.72,24.82,24.73,24.82,24.84,24.82,24.88,24.82,24.84,24.52,24.51,24.59,24.67,24.64,24.66,24.71,24.73,24.73,24.79,24.85,24.83,24.74,24.78,24.89,24.83,24.89,24.95,25,24.92,24.82,24.84,24.87,25.01,24.97,25.02,25.01,25.11,25.03,24.73,24.75,24.92,24.96,25,25.11,25.15,25.15,25.26,25.41,25.33,25.32,25.38,25.36,25.36,25.32,25.43,25.45,25.47,25.5,25.6,25.55,25.51
COK,Cook Islands (N.Z.),24.54,24.48,24.43,24.4,24.46,24.42,24.55,24.52,24.53,24.57,24.48,24.57,24.46,24.31,24.27,24.4,24.52,24.53,24.5,24.52,24.5,24.49,24.5,24.49,24.53,24.41,24.47,24.51,24.56,24.69,24.63,24.58,24.69,24.49,24.51,24.63,24.65,24.71,24.64,24.62,24.63,24.71,24.57,24.5,24.61,24.65,24.77,24.74,24.8,24.89,24.75,24.87,24.94,24.81,24.9,24.88,25,25.02,24.97,24.87,24.9,24.94,24.91,25.06,24.99
COL,Colombia,23.92,23.98,23.98,23.89,23.95,23.93,23.86,23.99,24.02,23.92,24,23.92,23.92,23.64,23.74,23.82,23.84,23.75,23.85,23.88,23.83,23.88,23.9,24.02,23.93,23.72,23.98,24.03,23.98,24.06,24.04,24.14,24.09,23.87,24.03,23.95,24.15,24.09,24.06,24.17,24.44,24.33,23.82,24.01,24.04,24.12,24.16,24.32,24.4,24.31,24.39,24.6,24.5,24.48,24.6,24.55,24.5,24.52,24.57,24.65,24.67,24.69,24.76,24.73,24.71
COM,Comoros,24.87,25,24.96,24.94,24.89,24.91,24.93,25,25.03,24.93,24.97,25.01,24.93,24.72,24.75,24.85,24.86,24.83,24.84,24.92,24.94,24.9,24.92,25.01,25.02,24.88,24.96,25.02,25.01,25.05,24.96,25.05,25.02,24.91,24.98,24.97,25.12,25.03,25.11,25.05,25.21,25.15,24.83,24.97,24.99,25.08,25.05,25.23,25.27,25.2,25.19,25.35,25.3,25.31,25.34,25.36,25.34,25.36,25.32,25.36,25.38,25.5,25.46,25.47,25.48
CPV,Cabo Verde,22.89,22.79,22.97,22.71,22.67,22.95,22.84,22.8,22.84,22.72,22.83,22.85,22.89,22.82,22.72,22.67,22.8,22.76,22.73,22.75,22.68,22.73,22.76,22.87,22.9,22.8,22.74,22.98,22.77,22.95,22.8,22.86,22.94,22.91,22.82,22.79,22.9,22.99,22.97,22.96,23.22,23.13,22.84,22.87,22.93,23.06,23.21,23.09,23.14,23.15,23.27,23.42,23.16,23.25,23.37,23.34,23.34,23.33,23.36,23.35,23.33,23.4,23.45,23.54,23.41
CRI,Costa Rica,23.12,23.19,23.15,23.1,23.14,23.21,23.12,23.18,23.2,23.13,23.2,23.18,23.13,23.01,22.98,23.02,23.04,23.01,23.1,23.09,23.11,23.14,23.11,23.22,23.18,23.05,23.18,23.23,23.17,23.23,23.22,23.28,23.25,23.15,23.19,23.18,23.33,23.28,23.25,23.34,23.51,23.42,23.15,23.23,23.27,23.28,23.39,23.47,23.49,23.46,23.49,23.65,23.57,23.6,23.74,23.66,23.6,23.63,23.64,23.7,23.72,23.78,23.79,23.8,23.73
CUB,Cuba,25.59,25.59,25.53,25.56,25.52,25.61,25.55,25.52,25.55,25.57,25.6,25.59,25.51,25.44,25.39,25.4,25.5,25.45,25.49,25.49,25.42,25.44,25.55,25.52,25.51,25.5,25.53,25.52,25.55,25.61,25.64,25.65,25.57,25.52,25.49,25.67,25.63,25.64,25.65,25.77,25.84,25.77,25.56,25.64,25.64,25.67,25.75,25.83,25.89,25.88,26,25.9,26.01,25.95,25.98,26.03,26,26.03,26.04,26.11,26.17,26.17,26.14,26.28,26.09
CUW,Curaçao (Neth.),26.22,26.17,26.17,26.15,26.23,26.25,26.2,26.17,26.3,26.24,26.29,26.19,26.23,26.09,26.1,26.12,26.1,26.11,26.08,26.18,26.17,26.19,26.15,26.22,26.23,26.15,26.12,26.28,26.22,26.28,26.13,26.23,26.25,26.19,26.21,26.17,26.32,26.32,26.29,26.29,26.49,26.43,26.18,26.24,26.32,26.36,26.45,26.43,26.44,26.52,26.47,26.61,26.57,26.59,26.74,26.65,26.67,26.62,26.68,26.72,26.74,26.8,26.81,26.81,26.76
CXR,Christmas Island (Aus.),26.06,26,26.04,26.05,26.05,26.07,26.05,26.07,26.05,26.04,26.1,26.1,26.04,25.88,25.81,25.87,25.99,25.91,26.03,26,25.99,26.04,25.98,26.06,25.97,26,26.05,26.1,26.07,26.17,26.09,26.16,26.21,26.04,26.1,26.09,26.18,26.17,26.21,26.22,26.32,26.24,25.88,26.04,26.13,26.28,26.22,26.21,26.33,26.32,26.37,26.47,26.41,26.44,26.48,26.41,26.47,26.42,26.44,26.47,26.5,26.46,26.55,26.53,26.63
CYM,Cayman Islands (U.K.),26.36,26.36,26.32,26.35,26.33,26.37,26.28,26.34,26.35,26.4,26.39,26.3,26.33,26.21,26.2,26.21,26.26,26.27,26.28,26.3,26.2,26.23,26.33,26.32,26.29,26.25,26.28,26.31,26.34,26.36,26.38,26.41,26.35,26.33,26.28,26.43,26.41,26.46,26.42,26.51,26.61,26.48,26.29,26.37,26.4,26.43,26.53,26.61,26.64,26.65,26.73,26.7,26.78,26.73,26.81,26.76,26.76,26.76,26.77,26.86,26.94,26.86,26.92,26.96,26.85
CYP,Cyprus,19.01,19.18,19.24,19.2,19.05,19.09,18.99,19.15,19.07,18.98,19.07,19.05,19.1,19.01,18.98,18.79,18.95,18.9,18.91,18.96,18.86,18.91,18.95,19.01,18.96,19.03,18.91,18.91,18.86,18.85,19.01,18.99,18.97,18.92,19.02,19.05,19.15,19.1,19.09,19.14,19.34,19.25,19.03,18.94,19.22,19.31,19.35,19.38,19.47,19.53,19.63,19.55,19.52,19.74,19.54,19.57,19.61,19.66,19.76,19.78,19.88,19.88,19.79,19.8,19.85
CZE,Czech Republic,7.68,7.32,7.58,7.5,7.3,7.54,7.62,7.11,7.53,7.66,7.73,7.51,7.46,7.49,7.37,7.19,7.17,7.36,7.33,7.31,7.13,7.62,7.25,7.57,7.7,7.28,7.34,7.39,7.67,7.47,7.56,7.36,7.46,7.47,7.53,7.86,7.61,7.69,7.73,8.12,8.04,7.8,7.35,7.62,8.1,7.73,8.2,8.15,8.24,8.1,8.47,8.25,8.31,8.55,8.32,8.91,8.74,8.64,8.86,8.82,8.77,8.86,8.81,8.67,8.7
DEU,Germany,8.54,8.35,8.57,8.3,8.21,8.49,8.58,8.15,8.42,8.49,8.43,8.35,8.3,8.52,8.2,8.31,8.18,8.28,8.32,8.22,8.06,8.32,8.21,8.39,8.62,8.32,8.27,8.29,8.59,8.47,8.47,8.41,8.42,8.35,8.39,8.76,8.41,8.65,8.7,8.98,8.93,8.81,8.38,8.53,8.86,8.73,9.1,8.89,9.09,9.01,9.29,9.21,9.17,9.43,9.21,9.58,9.54,9.48,9.75,9.65,9.59,9.63,9.59,9.57,9.51
DJI,Djibouti,28.18,28.12,28.13,28.03,28.13,28.17,28.1,28.1,28.14,28.17,28.17,28.18,28.16,27.94,27.92,27.93,28.04,28.03,27.95,28.06,28.11,28.04,28.09,28.22,28.16,28.06,28.11,28.27,28.14,28.19,28.16,28.28,28.3,28,28.18,28.17,28.35,28.22,28.34,28.32,28.49,28.4,28,28.18,28.27,28.34,28.38,28.59,28.51,28.51,28.57,28.69,28.63,28.8,28.68,28.69,28.64,28.74,28.67,28.86,28.79,28.93,28.88,29,28.9
DMA,Dominica,25.17,25.21,25.23,25.16,25.29,25.25,25.18,25.21,25.33,25.27,25.34,25.27,25.27,25.12,25.12,25.16,25.12,25.14,25.14,25.18,25.14,25.21,25.15,25.25,25.27,25.15,25.05,25.34,25.26,25.31,25.22,25.27,25.33,25.25,25.22,25.24,25.35,25.34,25.36,25.38,25.56,25.51,25.21,25.28,25.39,25.4,25.51,25.49,25.46,25.56,25.58,25.72,25.69,25.69,25.82,25.72,25.7,25.62,25.75,25.79,25.83,25.82,25.86,25.91,25.85
DNK,Denmark,7.99,7.91,7.98,7.62,7.78,7.77,8.11,7.72,7.86,7.76,7.93,7.87,7.64,7.94,7.87,7.78,7.69,7.73,7.84,7.55,7.39,7.8,7.73,7.86,8.08,7.94,7.75,7.74,8.07,7.98,7.87,7.89,7.88,7.88,7.75,8.33,8.13,8.21,8.23,8.32,8.43,8.24,7.79,7.89,8.24,8.22,8.49,8.26,8.59,8.48,8.68,8.67,8.69,8.79,8.73,9.04,8.9,8.74,9.07,8.85,8.99,8.96,9.02,9.08,8.99
DOM,Dominican Republic,24.02,24.04,24.07,24.08,24.12,24.13,24.04,24.07,24.13,24.11,24.1,24.06,24.08,23.95,23.96,23.98,24.08,23.99,24.01,24.03,23.99,24.04,24.04,24.08,24.07,23.96,24.06,24.11,24.05,24.11,24.13,24.17,24.14,24.03,24.06,24.13,24.15,24.18,24.17,24.28,24.41,24.27,24.02,24.13,24.21,24.24,24.3,24.33,24.37,24.36,24.43,24.5,24.49,24.52,24.54,24.46,24.52,24.51,24.55,24.61,24.6,24.65,24.64,24.65,24.59
DZA,Algeria,22.43,22.48,22.44,22.38,22.3,22.57,22.4,22.65,22.55,22.51,22.58,22.47,22.45,22.33,22.29,22.14,22.42,22.36,22.32,22.29,22.27,22.32,22.49,22.46,22.35,22.43,22.47,22.53,22.53,22.66,22.53,22.72,22.66,22.49,22.54,22.41,22.67,22.7,22.69,22.83,23.12,23.03,22.34,22.67,22.79,22.82,23.01,23.01,23.04,23.2,23.29,23.38,23.4,23.33,23.47,23.43,23.42,23.44,23.62,23.57,23.68,23.74,23.66,23.73,23.59
ECU,Ecuador,20.65,20.73,20.67,20.59,20.63,20.64,20.53,20.71,20.75,20.6,20.78,20.66,20.62,20.36,20.47,20.54,20.52,20.42,20.61,20.62,20.61,20.6,20.64,20.75,20.71,20.5,20.64,20.75,20.7,20.75,20.71,20.86,20.82,20.6,20.74,20.68,20.87,20.83,20.8,20.87,21.12,21.04,20.57,20.72,20.83,20.8,20.89,21.05,21.08,20.98,21.14,21.32,21.19,21.2,21.33,21.24,21.18,21.24,21.31,21.33,21.41,21.48,21.51,21.48,21.39
EGY,Arab Republic of Egypt,22.01,22.18,22.14,22.18,22.16,22.14,22.14,22.19,22.12,22.1,22.2,22.11,22.13,21.97,21.96,21.9,21.98,21.99,21.95,22.02,22.06,22.08,22.13,22.17,22.11,22.01,22.12,22.09,22.16,22.02,22.19,22.24,22.02,22.03,22.15,22.21,22.46,22.35,22.26,22.37,22.48,22.54,22.12,22.14,22.5,22.55,22.55,22.72,22.64,22.73,22.78,22.91,22.9,23.01,23.02,22.92,22.96,22.94,23.12,23.03,23.26,23.25,23.21,23.2,23.25
ERI,Eritrea,26.49,26.63,26.58,26.51,26.61,26.5,26.54,26.63,26.59,26.58,26.64,26.65,26.61,26.31,26.31,26.43,26.45,26.41,26.48,26.52,26.55,26.52,26.56,26.66,26.57,26.44,26.58,26.64,26.55,26.68,26.7,26.8,26.61,26.54,26.7,26.62,26.78,26.67,26.78,26.83,26.95,26.82,26.51,26.53,26.78,26.85,26.83,26.99,26.97,27.01,27,27.21,27.12,27.12,27.07,27.09,27.07,27.18,27.18,27.24,27.28,27.4,27.33,27.41,27.41
ESP,Spain,13.51,13.32,13.34,13.29,13.28,13.45,13.38,13.21,13.34,13.52,13.22,13.31,13.35,13.33,13.27,13,13.18,13.3,13.05,13.2,13.11,13.09,13.36,13.16,13.32,13.38,13.14,13.33,13.42,13.43,13.49,13.54,13.52,13.34,13.41,13.37,13.19,13.66,13.62,13.64,13.87,13.76,13.24,13.46,13.55,13.6,13.69,13.68,13.82,13.93,13.99,14.1,14.04,14.07,14.19,14.12,14.21,14.05,14.26,14.15,14.21,14.15,14.09,14.31,14.21
EST,Estonia,5.1,4.8,5.13,4.85,4.77,4.65,5.26,4.68,5.03,4.73,4.98,4.83,4.64,5.14,4.97,5.03,4.97,4.77,5.12,4.61,4.38,4.77,4.91,4.85,5.28,4.91,4.76,4.97,5.11,5.16,5.09,4.86,4.94,4.93,4.37,5.4,5.52,5.17,5.47,5.52,5.78,5.25,5.15,4.97,5.4,5.56,5.88,5.45,6.01,5.73,5.98,5.88,5.79,6.12,5.97,6.13,6.29,6.03,6.49,6.06,6.42,6.07,6.21,6.52,6.7
ETH,Ethiopia,22.98,23,23,23,22.97,22.96,22.94,23,23.01,23,23.04,23.07,22.98,22.72,22.71,22.83,22.9,22.84,22.87,22.95,22.94,22.96,23.01,23.13,23.03,22.93,22.98,23.09,23.03,23.08,23.16,23.17,23.12,22.95,23.07,23.04,23.2,23.21,23.21,23.23,23.28,23.21,22.89,22.94,23.13,23.2,23.25,23.34,23.41,23.37,23.44,23.59,23.53,23.56,23.52,23.54,23.51,23.46,23.5,23.62,23.68,23.75,23.7,23.77,23.79
FIN,Finland,1.57,1.43,1.6,1.5,1.4,1.34,1.84,1.21,1.88,1.34,1.53,1.46,0.98,1.42,1.29,1.52,1.41,1.28,1.78,0.91,0.84,1.18,1.34,1.37,1.61,1.49,1.52,1.37,1.86,1.8,1.59,1.46,1.59,1.5,1.19,2.03,2.21,1.74,2.02,2.22,2.1,2.06,1.96,1.77,1.82,2.13,2.33,1.92,2.4,2.4,2.45,2.47,2.53,2.72,2.43,2.8,2.99,2.61,3.23,2.92,2.72,2.89,3.1,3.29,3.62
FJI,Fiji,24.4,24.28,24.34,24.25,24.21,24.39,24.35,24.33,24.34,24.36,24.37,24.38,24.47,24.17,24.08,24.18,24.33,24.32,24.36,24.35,24.34,24.47,24.36,24.37,24.44,24.44,24.36,24.37,24.49,24.51,24.51,24.45,24.51,24.34,24.43,24.44,24.48,24.49,24.59,24.48,24.56,24.55,24.37,24.46,24.57,24.66,24.61,24.65,24.6,24.78,24.71,24.7,24.76,24.72,24.82,24.83,24.85,24.82,24.77,24.84,24.7,24.78,24.84,24.93,24.81
FRA,France,10.69,10.56,10.67,10.52,10.49,10.68,10.73,10.45,10.57,10.66,10.54,10.57,10.6,10.59,10.41,10.37,10.46,10.54,10.35,10.37,10.31,10.35,10.5,10.57,10.79,10.58,10.32,10.43,10.7,10.59,10.76,10.72,10.58,10.57,10.75,10.6,10.5,10.85,10.83,10.97,10.97,10.97,10.57,10.64,10.93,10.85,10.98,10.99,11.08,11.11,11.27,11.25,11.22,11.38,11.38,11.51,11.63,11.47,11.62,11.63,11.61,11.56,11.4,11.65,11.52
FRO,Faroe Islands (Den.),6.46,6.43,6.34,6.19,6.58,6.41,6.56,6.44,6.47,6.49,6.42,6.45,6.43,6.51,6.47,6.47,6.39,6.38,6.46,6.31,6.44,6.25,6.5,6.63,6.47,6.42,6.62,6.57,6.51,6.67,6.4,6.56,6.59,6.53,6.53,6.56,6.58,6.52,6.69,6.73,6.78,6.97,6.97,6.79,6.7,6.75,6.7,7.03,7.17,7.03,7.09,7.03,7.03,7.17,7.03,7.28,7.27,7.28,7.45,7.46,7.36,7.42,7.45,7.19,7.33
FSM,Federated States of Micronesia,26.76,26.71,26.73,26.68,26.67,26.69,26.7,26.7,26.71,26.72,26.73,26.72,26.7,26.57,26.49,26.58,26.66,26.61,26.6,26.66,26.63,26.68,26.67,26.72,26.66,26.68,26.68,26.75,26.79,26.77,26.82,26.79,26.77,26.72,26.74,26.75,26.79,26.79,26.84,26.89,26.91,26.91,26.64,26.64,26.79,26.84,26.91,26.99,27.01,27.02,27.03,27.05,27.06,27.13,27.14,27.12,27.11,27.11,27.17,27.16,27.18,27.17,27.22,27.3,27.25
GAB,Gabon,24.59,24.69,24.61,24.61,24.56,24.64,24.55,24.62,24.66,24.62,24.68,24.58,24.61,24.3,24.32,24.41,24.46,24.41,24.46,24.54,24.54,24.55,24.57,24.69,24.66,24.49,24.57,24.71,24.64,24.68,24.73,24.78,24.7,24.61,24.65,24.66,24.83,24.77,24.78,24.8,24.93,24.88,24.47,24.53,24.75,24.77,24.8,24.95,24.99,24.98,25.05,25.19,25.16,25.13,25.19,25.2,25.16,25.17,25.22,25.25,25.27,25.33,25.43,25.36,25.37
GBR,United Kingdom,8.5,8.71,8.62,8.43,8.61,8.64,8.69,8.49,8.58,8.56,8.51,8.6,8.69,8.61,8.6,8.61,8.47,8.64,8.51,8.39,8.53,8.42,8.56,8.64,8.72,8.72,8.51,8.59,8.75,8.7,8.71,8.8,8.76,8.67,8.66,8.86,8.78,8.85,8.95,8.98,9,8.99,8.82,8.79,8.99,8.88,9,9.02,9.2,9.25,9.24,9.28,9.25,9.33,9.24,9.42,9.46,9.33,9.45,9.57,9.47,9.44,9.4,9.61,9.36
GEO,Georgia,7.33,7.4,7.55,7.58,7.45,7.35,7.25,7.28,7.17,7.52,7.43,7.42,7.42,7.34,7.22,7.07,7.18,7.09,7.17,7.27,7.15,7.27,7.24,7.31,7.22,7.26,7.34,7.4,7.13,7.46,7.35,7.53,7.21,7.02,7.47,7.44,7.6,7.5,7.41,7.59,7.84,7.42,7.17,7.51,7.59,7.56,8.05,7.89,7.95,8.05,8.23,8.28,8.07,8.35,8.25,8.23,8.2,8.22,8.33,8.31,8.33,8.35,8.68,8.62,8.55
GGY,Guernsey (U.K.),11.53,11.52,11.59,11.52,11.59,11.61,11.59,11.53,11.56,11.56,11.42,11.5,11.66,11.6,11.36,11.48,11.34,11.59,11.44,11.26,11.49,11.33,11.54,11.55,11.73,11.59,11.48,11.44,11.69,11.56,11.7,11.73,11.63,11.49,11.63,11.75,11.5,11.76,11.83,11.88,11.95,11.78,11.65,11.63,11.88,11.79,11.82,11.88,12.07,11.99,12.24,12.16,12.15,12.21,12.23,12.2,12.3,12.1,12.33,12.37,12.29,12.33,12.12,12.46,12.09
GHA,Ghana,27.1,27.27,27.21,27.23,27.26,27.14,27.1,27.26,27.22,27.23,27.25,27.16,27.2,26.93,26.87,27.07,27.05,27.05,27.14,27.18,27.16,27.17,27.15,27.23,27.12,27.09,27.17,27.25,27.18,27.28,27.25,27.35,27.28,27.21,27.23,27.22,27.37,27.28,27.36,27.33,27.49,27.38,27.06,27.12,27.27,27.32,27.31,27.48,27.46,27.44,27.56,27.68,27.59,27.61,27.63,27.6,27.59,27.61,27.64,27.68,27.76,27.75,27.83,27.84,27.9
GIB,Gibraltar (U.K.),17.31,17.31,17.34,17.16,17.25,17.36,17.34,17.07,17.22,17.43,17.18,17.2,17.17,17.25,17.11,17.09,17.02,17.19,17.06,17.21,17.18,17.05,17.32,17.06,17.23,17.23,17.11,17.34,17.39,17.41,17.28,17.47,17.44,17.31,17.36,17.31,17.23,17.38,17.53,17.73,17.84,17.61,17.11,17.43,17.48,17.43,17.54,17.6,17.61,17.79,17.79,17.86,17.91,17.84,18.06,17.86,17.89,17.81,18.03,18.08,17.98,17.94,17.89,18.09,17.91
GIN,Guinea,25.87,25.99,25.85,25.93,25.99,25.87,25.87,26.02,26,25.96,26.01,25.86,25.93,25.57,25.58,25.81,25.82,25.7,25.85,25.96,25.95,25.89,25.94,26.03,25.92,25.87,25.95,26,25.95,26.03,26.05,26.08,26.06,26,26.01,25.98,26.18,26.11,26.1,26.11,26.26,26.2,25.83,25.87,26.08,26.16,26.13,26.32,26.33,26.32,26.4,26.55,26.46,26.5,26.53,26.46,26.47,26.49,26.48,26.5,26.63,26.7,26.73,26.68,26.72
GLP,France,25.39,25.45,25.45,25.4,25.49,25.46,25.39,25.43,25.54,25.51,25.54,25.48,25.46,25.4,25.34,25.38,25.36,25.37,25.36,25.39,25.38,25.42,25.39,25.45,25.48,25.37,25.28,25.56,25.47,25.53,25.46,25.49,25.57,25.43,25.43,25.46,25.56,25.54,25.57,25.59,25.78,25.72,25.44,25.54,25.63,25.62,25.71,25.71,25.68,25.77,25.82,25.93,25.92,25.91,26.03,25.95,25.94,25.87,25.96,26.04,26.06,26.04,26.08,26.11,26.05
GMB,The Gambia,27.65,27.76,27.76,27.66,27.75,27.71,27.77,27.78,27.77,27.76,27.8,27.76,27.79,27.5,27.48,27.59,27.62,27.61,27.61,27.66,27.61,27.67,27.74,27.75,27.78,27.67,27.76,27.78,27.73,27.85,27.92,27.83,27.85,27.74,27.9,27.78,27.98,27.85,27.92,27.97,28.16,28.02,27.57,27.78,27.86,27.96,28,28.13,28.14,28.21,28.21,28.4,28.26,28.31,28.38,28.3,28.39,28.28,28.39,28.43,28.44,28.52,28.45,28.52,28.54
GNB,Guinea-Bissau,27.51,27.55,27.58,27.52,27.54,27.53,27.56,27.58,27.55,27.57,27.61,27.56,27.6,27.33,27.34,27.41,27.48,27.41,27.42,27.46,27.51,27.5,27.53,27.57,27.63,27.48,27.53,27.59,27.57,27.65,27.69,27.63,27.62,27.52,27.69,27.62,27.79,27.68,27.71,27.74,27.91,27.8,27.41,27.56,27.62,27.76,27.76,27.9,27.89,27.94,27.94,28.16,28.03,28.06,28.09,28.04,28.09,28.05,28.12,28.12,28.19,28.28,28.28,28.23,28.28
GNQ,Equatorial Guinea,24.02,24.08,24.03,24.01,23.97,24.01,23.97,24.05,24.05,24,24.07,23.96,24,23.72,23.76,23.85,23.87,23.85,23.87,23.94,23.94,23.95,23.96,24.09,24.05,23.9,23.98,24.07,24.03,24.07,24.11,24.17,24.07,23.98,24.07,24.06,24.2,24.1,24.12,24.15,24.29,24.22,23.86,23.91,24.12,24.15,24.19,24.31,24.34,24.32,24.41,24.53,24.49,24.44,24.49,24.48,24.54,24.5,24.49,24.59,24.56,24.63,24.71,24.66,24.67
GRC,Greece,14.37,14.45,14.44,14.55,14.25,14.35,14.21,14.4,14.39,14.4,14.42,14.32,14.43,14.21,14.25,13.93,14.08,14.18,14.18,14.2,14.04,14.26,14.2,14.25,14.09,14.11,14.09,13.98,14.18,14.13,14.19,14.35,14.21,14.1,14.25,14.24,14.4,14.31,14.37,14.47,14.73,14.47,14.14,14.25,14.58,14.55,14.71,14.64,14.66,14.91,15.08,14.91,14.96,15.08,15.06,15,15.07,15.02,15.4,15.21,15.33,15.31,15.26,15.26,15.36
GRD,Grenada,25.94,25.99,26.01,25.94,26.06,26.06,25.98,25.96,26.08,26.06,26.08,26.03,26.01,25.88,25.87,25.9,25.85,25.92,25.94,25.98,25.93,26.03,25.94,26.07,26.02,25.94,25.9,26.13,26.03,26.07,26.05,26.08,26.06,26,26.02,26.04,26.11,26.12,26.19,26.11,26.28,26.24,25.96,26.01,26.18,26.19,26.23,26.28,26.27,26.33,26.33,26.49,26.45,26.43,26.59,26.47,26.51,26.46,26.52,26.59,26.63,26.65,26.69,26.66,26.62
GRL,Greenland (Den.),-19.26,-19.13,-19.29,-19.28,-19.29,-19.26,-19.37,-18.96,-19.2,-19.15,-18.99,-19.15,-19.11,-19.33,-19.77,-19.33,-19.29,-19.48,-19.5,-19.14,-19.24,-19.29,-19.41,-19.31,-19.49,-19.48,-19.24,-19.1,-19.19,-18.87,-19.27,-19.07,-19.1,-19.28,-19.1,-19.15,-18.95,-19.06,-19.02,-18.77,-18.86,-18.52,-19.13,-18.78,-18.62,-18.97,-18.79,-18.33,-18.42,-18.31,-18.34,-18.12,-18.29,-18.2,-17.96,-18.26,-18.02,-17.96,-18.07,-17.85,-17.88,-17.66,-17.76,-17.81,-17.7
GTM,Guatemala,22.69,22.77,22.69,22.75,22.79,22.79,22.7,22.75,22.73,22.64,22.77,22.7,22.75,22.54,22.52,22.55,22.56,22.56,22.71,22.69,22.58,22.62,22.69,22.72,22.8,22.66,22.78,22.77,22.71,22.81,22.77,22.93,22.8,22.64,22.67,22.79,22.98,22.9,22.87,22.97,23.14,22.97,22.74,22.84,22.88,22.82,22.96,23.09,23.14,23.12,23.26,23.25,23.3,23.24,23.32,23.32,23.22,23.33,23.31,23.41,23.49,23.42,23.45,23.49,23.44
GUF,France,25.86,25.89,25.91,25.84,25.93,25.91,25.88,25.92,26.03,25.92,25.99,25.92,25.94,25.65,25.61,25.75,25.85,25.69,25.78,25.79,25.89,25.87,25.91,25.93,25.95,25.78,25.89,26.05,26,26.04,25.96,26.02,26.02,25.87,25.94,25.97,26.16,26.18,26.12,26.15,26.42,26.29,25.76,25.93,26.01,26.14,26.24,26.39,26.43,26.36,26.32,26.6,26.5,26.5,26.7,26.56,26.55,26.5,26.55,26.6,26.54,26.64,26.77,26.69,26.72
GUM,Guam (U.S.),26.73,26.64,26.59,26.59,26.61,26.65,26.68,26.63,26.68,26.65,26.67,26.62,26.69,26.52,26.46,26.52,26.65,26.52,26.6,26.58,26.6,26.65,26.64,26.62,26.68,26.66,26.65,26.68,26.71,26.74,26.77,26.71,26.66,26.62,26.67,26.66,26.69,26.78,26.8,26.83,26.81,26.79,26.58,26.56,26.7,26.8,26.82,26.88,26.98,26.95,26.89,26.93,26.97,27.05,27.08,27.07,27,27,27.05,27.07,27.1,27.08,27.1,27.19,27.18
GUY,Guyana,25.4,25.41,25.38,25.35,25.42,25.38,25.35,25.38,25.5,25.38,25.46,25.42,25.37,25.12,25.12,25.25,25.28,25.19,25.28,25.36,25.3,25.35,25.35,25.42,25.44,25.17,25.38,25.51,25.44,25.46,25.45,25.55,25.52,25.3,25.43,25.36,25.55,25.59,25.6,25.57,25.88,25.77,25.31,25.47,25.49,25.58,25.65,25.78,25.85,25.81,25.79,26.1,25.98,25.97,26.12,26.01,25.97,25.92,26.01,26.09,26.07,26.1,26.22,26.2,26.16
HKG,"Hong Kong, SAR",22.83,22.81,22.94,22.87,22.69,22.88,22.81,22.96,22.83,22.75,22.79,22.85,22.8,22.73,22.66,22.65,22.64,22.66,22.65,22.74,22.7,22.56,22.73,22.85,22.71,22.74,22.62,22.69,22.74,22.72,22.76,22.86,22.66,22.6,22.74,22.61,22.81,22.75,22.78,22.84,23.01,22.91,22.61,22.57,22.75,22.72,22.89,23.17,23.05,22.95,23.03,23.26,23.12,23.01,23.13,23.18,23.11,23.12,23.23,23.19,23.12,23.31,23.23,23.21,23.24
HMD,Heard Island and McDonald Islands (Aus.),1.22,1.3,1.16,1.26,1.32,1.29,1.21,1.32,1.41,1.23,1.45,1.37,1.18,1.15,1.21,1.17,1.17,1.12,1.18,1.3,1.27,1.18,1.38,1.36,1.28,1.24,1.33,1.31,1.38,1.3,1.28,1.38,1.32,1.37,1.35,1.37,1.32,1.42,1.53,1.76,1.64,1.64,1.51,1.33,1.53,1.61,1.57,1.58,1.57,1.73,1.72,1.71,1.66,1.66,1.66,1.7,1.77,1.74,1.73,1.95,1.86,1.87,1.81,1.8,1.84
HND,Honduras,23.6,23.65,23.56,23.6,23.6,23.63,23.55,23.58,23.61,23.5,23.59,23.53,23.57,23.38,23.39,23.45,23.5,23.47,23.55,23.59,23.45,23.5,23.52,23.61,23.63,23.54,23.65,23.65,23.6,23.68,23.64,23.78,23.66,23.51,23.56,23.68,23.82,23.78,23.76,23.82,23.98,23.82,23.58,23.66,23.73,23.69,23.84,23.94,24.01,23.95,24.08,24.1,24.15,24.15,24.18,24.2,24.08,24.18,24.16,24.22,24.27,24.28,24.3,24.32,24.21
HRV,Croatia,11.55,11.37,11.52,11.59,11.12,11.55,11.37,11.15,11.51,11.66,11.46,11.31,11.39,11.2,11.23,11.05,11.12,11.26,11.1,11.21,10.94,11.39,11.17,11.32,11.35,11.13,11.15,11.07,11.58,11.1,11.33,11.31,11.41,11.28,11.31,11.43,11.32,11.33,11.35,11.92,11.99,11.67,11.11,11.47,11.92,11.65,11.91,11.84,11.88,12,12.28,12.07,11.99,12.39,12.23,12.4,12.41,12.43,12.61,12.6,12.7,12.59,12.4,12.58,12.54
HTI,Haiti,24.97,24.98,24.98,25,25,25.02,24.95,24.97,25.03,25.01,25,24.98,24.98,24.86,24.88,24.91,24.97,24.89,24.95,24.93,24.89,24.95,24.97,25,24.96,24.88,24.98,24.98,24.99,25,25.05,25.09,25.03,24.93,24.93,25.05,25.08,25.09,25.05,25.17,25.29,25.16,24.93,25,25.1,25.14,25.18,25.26,25.28,25.26,25.34,25.39,25.37,25.39,25.43,25.36,25.39,25.4,25.43,25.48,25.5,25.53,25.54,25.54,25.49
HUN,Hungary,10.58,10.35,10.6,10.67,10.26,10.7,10.34,10.18,10.65,10.68,10.59,10.45,10.43,10.29,10.31,10.05,10.02,10.36,10.28,10.33,10.13,10.59,10.17,10.51,10.5,10.11,10.25,10.25,10.64,10.15,10.47,10.35,10.5,10.4,10.55,10.56,10.43,10.47,10.48,11.1,11,10.76,10.08,10.59,11.1,10.73,11.14,11,11.15,11.21,11.47,11.19,11.13,11.49,11.33,11.62,11.63,11.68,11.9,11.89,11.91,11.87,11.72,11.77,11.78
IDN,Indonesia,25.15,25.14,25.13,25.13,25.09,25.14,25.13,25.13,25.2,25.15,25.18,25.16,25.13,24.94,24.94,24.96,25.05,25,25.03,25.09,25.07,25.12,25.08,25.17,25.13,25.07,25.12,25.19,25.17,25.22,25.21,25.25,25.2,25.1,25.17,25.18,25.25,25.26,25.3,25.31,25.41,25.31,25,25.11,25.22,25.3,25.33,25.34,25.44,25.45,25.53,25.59,25.52,25.57,25.63,25.59,25.58,25.6,25.64,25.64,25.71,25.7,25.75,25.75,25.74
IMN,Isle of Man (U.K.),9.64,9.83,9.72,9.65,9.74,9.74,9.83,9.66,9.68,9.66,9.63,9.75,9.76,9.69,9.72,9.72,9.58,9.75,9.67,9.49,9.75,9.47,9.61,9.75,9.81,9.83,9.67,9.68,9.83,9.81,9.79,9.88,9.91,9.78,9.76,10.03,9.83,9.96,10.12,10.07,10.11,10.1,9.85,9.89,10.13,9.97,10.03,10.16,10.33,10.35,10.37,10.4,10.39,10.33,10.3,10.48,10.51,10.36,10.5,10.51,10.55,10.5,10.42,10.74,10.41
IND,India,24.23,24.21,24.11,24.07,24.13,24.05,24.1,24.13,24.1,24.23,24.13,24.13,24.1,23.91,23.85,23.96,24.03,23.97,23.97,23.98,24.03,24.06,23.98,24.15,24.11,23.94,24.07,24.12,24.02,24.13,24.13,24.24,24.1,23.99,24.13,24.12,24.21,24.22,24.15,24.25,24.26,24.29,23.88,24.01,24.12,24.25,24.16,24.32,24.28,24.37,24.38,24.5,24.51,24.4,24.52,24.53,24.42,24.43,24.4,24.5,24.58,24.63,24.67,24.62,24.63
IOT,British Indian Ocean Territory (U.K.),26.1,26.04,26.08,25.94,25.99,26.04,25.96,26.07,26.11,26.04,26.08,26.12,26.06,25.88,25.88,25.93,25.98,25.91,25.96,26.03,25.98,26.03,26.08,26.12,26.1,26.01,26.03,26.19,26.08,26.12,26.15,26.22,26.17,26.03,26.07,26.06,26.23,26.21,26.24,26.3,26.36,26.24,25.99,26.11,26.16,26.18,26.23,26.29,26.42,26.34,26.4,26.5,26.47,26.51,26.51,26.52,26.48,26.48,26.54,26.56,26.63,26.63,26.68,26.69,26.62
IRL,Ireland,9.2,9.32,9.26,9.21,9.32,9.4,9.35,9.18,9.24,9.27,9.21,9.32,9.41,9.33,9.26,9.25,9.18,9.32,9.22,9.18,9.31,9.22,9.26,9.34,9.4,9.4,9.25,9.36,9.35,9.37,9.44,9.46,9.49,9.24,9.42,9.51,9.42,9.56,9.66,9.64,9.67,9.72,9.53,9.47,9.71,9.49,9.6,9.71,9.84,9.97,9.84,9.9,9.95,9.9,9.9,10.01,10.08,9.98,10.03,10.1,10.06,10,9.95,10.18,10.08
IRN,Islamic Republic of Iran,17.28,17.25,17.15,17.11,17.11,17.14,16.91,17.35,17.04,17.18,17.25,17.16,17.24,16.95,16.91,16.98,17,17.1,16.98,17.03,16.9,16.86,17.09,17.04,17.07,17.01,17.04,17.11,17.21,17.31,17.3,17.32,17.23,17,17.31,17.32,17.38,17.44,17.34,17.41,17.61,17.52,17.09,17.13,17.41,17.57,17.59,17.77,17.79,17.85,17.79,18.01,18.09,17.87,17.9,17.94,18.02,18.04,17.96,18,18.04,18.14,18.18,18.31,18.34
IRQ,Iraq,21.97,22.09,21.99,22.09,21.97,21.92,21.79,22.07,21.92,21.97,22.02,22,21.94,21.78,21.72,21.66,21.72,21.8,21.83,21.85,21.77,21.77,21.89,21.85,21.85,21.81,21.92,21.93,21.82,22.04,21.98,22.11,21.86,21.75,22.1,22.09,22.26,22.13,22.09,22.24,22.41,22.26,21.78,21.97,22.19,22.29,22.51,22.48,22.57,22.71,22.7,22.9,22.88,22.86,22.75,22.84,22.94,22.79,22.92,22.86,22.97,23.1,23.07,23.13,23.28
ISL,Iceland,0.28,0.4,0.19,0.06,0.24,0,0.39,0.39,0.29,0.33,0.52,0.44,0.37,0.35,-0.05,0.19,0.3,0.3,0.15,0.05,0.39,0.36,0.32,0.38,0.29,0.2,0.43,0.59,0.12,0.68,0.45,0.49,0.58,0.41,0.44,0.52,0.36,0.56,0.86,0.76,0.81,1.32,1.03,0.69,0.88,0.71,0.76,0.96,1.3,1.09,1.29,1.19,1.23,1.15,1.1,1.34,1.28,1.45,1.25,1.62,1.56,1.82,1.54,1.45,1.7
ISR,Israel,19.78,19.88,19.91,19.87,19.8,19.82,19.8,19.95,19.75,19.74,19.9,19.82,19.8,19.77,19.62,19.61,19.66,19.59,19.53,19.72,19.7,19.79,19.78,19.76,19.72,19.72,19.7,19.69,19.73,19.69,19.77,19.87,19.77,19.71,19.79,19.82,20.06,19.97,19.86,19.97,20.07,20.09,19.75,19.76,20.08,20.15,20.1,20.19,20.24,20.37,20.36,20.44,20.44,20.59,20.41,20.45,20.49,20.37,20.56,20.53,20.67,20.72,20.62,20.67,20.7
ITA,Italy,12.44,12.35,12.39,12.35,12.15,12.43,12.32,12.22,12.31,12.46,12.35,12.23,12.31,12.24,12.15,12.02,12.12,12.23,12.1,12.18,12.01,12.14,12.16,12.26,12.27,12.2,12.08,12.03,12.34,12.21,12.33,12.31,12.27,12.25,12.31,12.29,12.23,12.34,12.33,12.59,12.74,12.61,12.18,12.39,12.61,12.51,12.62,12.6,12.72,12.7,13.01,12.83,12.82,13.08,12.98,13.11,13.14,13.06,13.19,13.13,13.32,13.23,13.19,13.23,13.18
JAM,Jamaica,25.44,25.49,25.42,25.42,25.42,25.51,25.38,25.42,25.48,25.49,25.5,25.41,25.46,25.31,25.34,25.3,25.39,25.38,25.39,25.33,25.36,25.39,25.42,25.47,25.44,25.34,25.39,25.46,25.41,25.48,25.51,25.53,25.47,25.46,25.43,25.54,25.54,25.56,25.55,25.62,25.76,25.63,25.4,25.47,25.59,25.58,25.65,25.75,25.77,25.78,25.83,25.87,25.86,25.88,25.94,25.92,25.92,25.87,25.91,26.03,26.04,26.05,26.08,26.08,25.97
JEY,Jersey (U.K.),11.48,11.54,11.62,11.48,11.58,11.57,11.6,11.44,11.51,11.52,11.41,11.5,11.65,11.54,11.29,11.47,11.34,11.55,11.38,11.28,11.44,11.33,11.56,11.54,11.75,11.58,11.42,11.39,11.7,11.54,11.66,11.68,11.59,11.5,11.62,11.69,11.46,11.77,11.83,11.91,11.96,11.78,11.62,11.61,11.87,11.84,11.83,11.84,11.98,11.99,12.22,12.15,12.15,12.23,12.26,12.15,12.38,12.09,12.33,12.44,12.26,12.37,12.08,12.54,12.11
JOR,Jordan,18.45,18.58,18.6,18.53,18.53,18.51,18.51,18.67,18.46,18.45,18.59,18.56,18.45,18.44,18.31,18.27,18.34,18.29,18.27,18.46,18.44,18.46,18.53,18.48,18.45,18.42,18.5,18.41,18.43,18.5,18.51,18.7,18.5,18.44,18.55,18.55,18.83,18.72,18.64,18.7,18.86,18.89,18.47,18.51,18.83,18.91,18.93,18.95,19.08,19.21,19.18,19.32,19.32,19.44,19.27,19.3,19.36,19.23,19.4,19.36,19.53,19.56,19.49,19.53,19.63
JPN,Japan,11.66,11.57,11.55,11.69,11.56,11.64,11.79,11.65,11.65,11.54,11.55,11.7,11.42,11.57,11.54,11.36,11.42,11.49,11.24,11.41,11.28,11.31,11.54,11.37,11.44,11.45,11.25,11.45,11.58,11.4,11.41,11.52,11.45,11.17,11.29,11.54,11.62,11.55,11.67,11.73,11.91,11.7,11.54,11.51,11.81,11.72,11.95,11.94,11.93,11.99,12.2,12.22,12.29,12.14,12.11,12.24,12.44,12.24,12.29,12.34,12.45,12.38,12.53,12.55,12.32
KAZ,Kazakhstan,6.05,5.72,5.69,5.91,5.73,6.13,5.72,5.9,5.44,6.05,5.59,5.96,5.8,5.65,5.61,5.13,5.78,5.6,5.47,5.69,5.46,5.41,5.55,5.53,5.85,5.68,5.71,5.71,5.72,5.81,6.02,5.79,5.77,5.35,5.29,6.17,5.98,5.95,5.86,5.99,6.41,6.15,5.72,5.81,6.05,6.29,6.7,6.51,6.6,6.48,6.64,6.71,7.14,7.04,6.8,6.94,6.98,7,6.94,7.21,7.2,7.01,7.28,7.25,7.18
KEN,Kenya,24.97,25.02,25.01,25.01,25,24.98,24.95,25.01,24.97,25.03,25,25.02,24.97,24.78,24.72,24.85,24.91,24.83,24.85,24.94,24.92,24.97,25.02,25.05,25.04,24.99,24.96,25.07,25.05,25.14,25.16,25.18,25.13,24.97,25.06,25.03,25.23,25.21,25.18,25.22,25.28,25.2,24.93,24.96,25.14,25.19,25.29,25.33,25.42,25.42,25.42,25.55,25.47,25.47,25.5,25.51,25.51,25.44,25.47,25.55,25.63,25.68,25.64,25.63,25.7
KGZ,Kyrgyz Republic,-0.05,-0.12,-0.32,-0.34,-0.12,0.02,-0.32,-0.16,-0.36,-0.06,-0.26,-0.28,-0.11,-0.46,-0.39,-0.52,-0.48,-0.29,-0.63,-0.31,-0.46,-0.47,-0.4,-0.29,-0.29,-0.3,-0.41,-0.34,-0.31,-0.26,0,-0.01,-0.19,-0.62,-0.48,-0.1,-0.17,0,-0.11,0.13,0.12,0.1,-0.33,-0.22,0.01,0.19,0.37,0.24,0.27,0.39,0.39,0.51,0.75,0.51,0.5,0.51,0.76,0.7,0.41,0.65,0.59,0.88,0.92,0.84,0.84
KHM,Cambodia,27.28,27.37,27.37,27.39,27.35,27.36,27.23,27.28,27.44,27.22,27.42,27.42,27.29,27.09,27.14,27.19,27.18,27.1,27.2,27.3,27.27,27.28,27.24,27.42,27.3,27.26,27.27,27.42,27.28,27.46,27.34,27.41,27.41,27.25,27.34,27.3,27.49,27.41,27.44,27.5,27.67,27.46,27.14,27.37,27.56,27.49,27.48,27.57,27.66,27.58,27.68,27.89,27.78,27.71,27.88,27.75,27.78,27.77,27.79,27.91,27.94,27.98,28.02,28.03,27.93
KIR,Kiribati,26.42,26.62,26.51,26.43,26.46,26.43,26.32,26.46,26.37,26.49,26.59,26.59,26.41,26.27,26.34,26.3,26.33,26.23,26.42,26.35,26.41,26.41,26.48,26.52,26.42,26.27,26.56,26.5,26.48,26.41,26.52,26.63,26.53,26.4,26.46,26.55,26.45,26.51,26.41,26.7,26.9,26.68,26.42,26.43,26.34,26.5,26.53,26.7,26.81,26.62,26.84,26.81,26.86,26.87,26.94,26.65,26.77,26.85,26.91,26.95,26.92,27.03,27.02,26.88,26.89
KNA,Saint Kitts and Nevis,25.62,25.67,25.65,25.69,25.72,25.71,25.67,25.66,25.77,25.74,25.74,25.67,25.69,25.65,25.59,25.63,25.62,25.61,25.57,25.57,25.64,25.64,25.64,25.67,25.73,25.58,25.49,25.85,25.7,25.74,25.68,25.73,25.79,25.67,25.65,25.72,25.77,25.75,25.81,25.87,26.03,25.95,25.66,25.76,25.86,25.84,25.98,25.96,25.97,26,26.02,26.19,26.13,26.16,26.27,26.16,26.17,26.08,26.19,26.25,26.32,26.24,26.33,26.31,26.29
KOR,Republic of Korea,12.25,12.11,12.08,12.06,12.22,12.06,12.29,12.18,11.99,12.03,12.05,12.12,12,12.19,11.98,11.91,11.99,11.95,11.79,11.9,11.76,11.72,11.79,11.81,11.99,11.98,11.67,11.86,12.03,11.87,11.95,12.02,11.93,11.53,11.71,11.97,12.14,12.02,12.19,12.32,12.44,12.22,11.94,11.91,12.2,12.18,12.4,12.42,12.53,12.5,12.61,12.67,12.73,12.66,12.56,12.82,12.94,12.6,12.76,12.78,12.9,12.88,13.05,13.1,12.71
KSV,Kosovo,9.73,9.86,9.93,9.92,9.65,9.94,9.5,9.74,9.92,10.07,9.95,9.73,9.79,9.73,9.75,9.32,9.4,9.66,9.63,9.59,9.36,9.79,9.52,9.76,9.59,9.46,9.53,9.48,9.81,9.53,9.7,9.8,9.76,9.69,9.64,9.73,9.79,9.65,9.83,10.02,10.43,10.05,9.43,9.71,10.22,10.08,10.27,10.05,10.2,10.54,10.79,10.64,10.43,10.72,10.58,10.59,10.87,10.62,10.99,10.96,11.05,11,10.82,10.93,11.14
KWT,Kuwait,25.37,25.39,25.28,25.51,25.4,25.32,25.2,25.45,25.36,25.36,25.5,25.43,25.32,25.11,25.05,25.11,25.13,25.19,25.2,25.25,25.12,25.2,25.17,25.16,25.09,25.16,25.24,25.34,25.19,25.47,25.37,25.45,25.3,25.18,25.49,25.43,25.64,25.46,25.37,25.6,25.78,25.68,25.1,25.35,25.53,25.69,25.79,25.89,26.01,26.15,25.96,26.32,26.3,26.16,26.14,26.13,26.31,26.2,26.24,26.15,26.33,26.42,26.41,26.48,26.59
LAO,Lao People's Democratic Republic,23.06,23.16,23.21,23.12,23.13,23.2,23.06,23.14,23.21,22.97,23.19,23.24,23.11,22.88,22.89,23.08,22.95,22.9,23.08,23.11,23.05,22.97,23.03,23.3,23.04,22.99,23.05,23.15,23.04,23.12,23.08,23.17,23.1,23,23.12,23.01,23.21,23.14,23.16,23.16,23.41,23.15,22.9,23.01,23.27,23.2,23.15,23.43,23.41,23.28,23.38,23.58,23.43,23.38,23.55,23.47,23.56,23.36,23.48,23.6,23.62,23.62,23.6,23.74,23.59
LBN,Lebanon,14.83,14.96,14.96,14.85,14.83,14.87,14.79,15.04,14.8,14.83,14.86,14.85,14.82,14.82,14.66,14.54,14.67,14.65,14.61,14.67,14.69,14.79,14.8,14.8,14.73,14.81,14.74,14.7,14.64,14.73,14.82,14.83,14.77,14.69,14.86,14.85,15,14.91,14.93,14.91,15.15,15.05,14.8,14.78,15.09,15.1,15.1,15.15,15.25,15.34,15.41,15.41,15.39,15.62,15.45,15.43,15.53,15.45,15.61,15.59,15.7,15.74,15.65,15.7,15.69
LBR,Liberia,25.29,25.38,25.33,25.31,25.36,25.31,25.27,25.32,25.36,25.33,25.37,25.28,25.34,25.09,25.03,25.2,25.24,25.15,25.26,25.3,25.37,25.35,25.31,25.4,25.33,25.21,25.32,25.34,25.37,25.41,25.43,25.46,25.43,25.33,25.38,25.38,25.51,25.45,25.46,25.48,25.61,25.55,25.25,25.3,25.45,25.48,25.49,25.63,25.68,25.64,25.71,25.8,25.75,25.76,25.82,25.78,25.79,25.74,25.8,25.83,25.86,25.93,25.94,25.94,25.97
LBY,Libya,21.17,21.34,21.25,21.27,21.21,21.31,21.26,21.41,21.31,21.34,21.45,21.26,21.29,21.19,21.13,21.04,21.27,21.25,21.18,21.11,21.18,21.2,21.36,21.4,21.25,21.19,21.28,21.3,21.35,21.25,21.37,21.49,21.22,21.24,21.4,21.34,21.62,21.48,21.4,21.61,21.75,21.83,21.25,21.44,21.64,21.75,21.78,21.92,21.77,21.92,22.02,22.08,22.2,22.23,22.29,22.19,22.17,22.18,22.35,22.31,22.52,22.6,22.5,22.48,22.5
LCA,Saint Lucia,26.24,26.29,26.3,26.23,26.29,26.34,26.26,26.28,26.41,26.35,26.4,26.34,26.3,26.18,26.16,26.21,26.16,26.18,26.19,26.25,26.2,26.3,26.2,26.35,26.29,26.2,26.15,26.38,26.26,26.36,26.28,26.34,26.38,26.28,26.31,26.32,26.4,26.41,26.5,26.45,26.62,26.56,26.26,26.32,26.4,26.48,26.53,26.58,26.55,26.63,26.64,26.77,26.73,26.75,26.89,26.79,26.77,26.72,26.85,26.86,26.87,26.94,26.99,26.97,26.91
LIE,Liechtenstein,5,4.8,5.19,4.86,4.61,5,5.03,4.73,5.1,5.08,5.02,4.83,4.74,4.88,4.74,4.59,4.73,4.87,4.87,4.79,4.67,4.61,4.85,4.94,5.13,4.77,4.66,4.67,5.01,4.93,5.16,4.99,4.9,4.91,5.03,4.96,4.79,5.16,5.07,5.48,5.42,5.4,4.85,5.08,5.43,5.22,5.63,5.4,5.64,5.56,5.83,5.62,5.67,5.95,5.94,6.04,6.1,5.94,6.13,6.09,6.18,6.25,6.02,6.13,6.08
LKA,Sri Lanka,26.59,26.61,26.63,26.57,26.59,26.58,26.58,26.56,26.65,26.63,26.66,26.67,26.65,26.44,26.43,26.46,26.56,26.47,26.51,26.58,26.53,26.57,26.56,26.66,26.61,26.52,26.57,26.7,26.62,26.69,26.63,26.72,26.69,26.59,26.67,26.58,26.78,26.7,26.72,26.8,26.87,26.77,26.46,26.58,26.69,26.76,26.77,26.84,26.9,26.82,26.92,26.99,26.97,26.97,27.02,27.03,27,26.99,26.99,27.07,27.06,27.09,27.09,27.12,27.09
LSO,Lesotho,11.12,11.16,11.31,11.06,11.12,11.31,11.06,11.27,11.2,11.09,11.24,11.26,11.2,10.77,10.8,10.93,11.11,11.03,11.16,11.24,11.13,11.17,11.1,11.33,11.18,11.07,11.18,11.29,11.17,11.24,11.35,11.34,11.32,11.07,11.24,11.25,11.31,11.4,11.44,11.33,11.53,11.6,10.94,11.16,11.27,11.37,11.36,11.55,11.53,11.51,11.8,11.63,11.68,11.68,11.71,11.77,11.83,11.57,11.73,11.82,11.72,11.75,11.95,12.08,11.87
LTU,Lithuania,6.35,5.77,6.21,6.16,5.83,5.95,6.22,5.74,6.22,5.73,6.18,6.05,5.77,6.12,6.14,6.05,5.91,5.75,6.04,5.76,5.32,6,5.82,5.94,6.49,5.91,5.96,6,6.14,6.31,6.11,5.88,5.96,5.89,5.85,6.34,6.44,6.43,6.42,6.58,6.64,6.33,5.81,6.03,6.45,6.49,6.89,6.77,7.08,6.68,7,6.88,6.95,7.13,7,7.44,7.33,7.13,7.45,7.27,7.38,7.14,7.34,7.55,7.53
LUX,Luxembourg,8.62,8.5,8.57,8.41,8.28,8.46,8.7,8.19,8.46,8.54,8.34,8.41,8.41,8.51,8.1,8.41,8.23,8.44,8.3,8.11,8.04,8.18,8.28,8.44,8.6,8.44,8.17,8.39,8.54,8.41,8.67,8.6,8.41,8.41,8.42,8.71,8.37,8.64,8.68,9.03,8.83,8.8,8.47,8.59,8.86,8.72,8.96,8.87,8.94,9.01,9.2,9.12,9.02,9.25,9.17,9.34,9.44,9.37,9.56,9.79,9.58,9.61,9.47,9.63,9.38
LVA,Latvia,5.69,5.26,5.61,5.48,5.36,5.27,5.68,5.22,5.59,5.25,5.55,5.47,5.22,5.63,5.61,5.51,5.44,5.24,5.61,5.17,4.78,5.37,5.29,5.43,5.86,5.42,5.36,5.42,5.55,5.64,5.58,5.35,5.41,5.39,5.14,5.82,5.92,5.79,5.92,6.03,6.19,5.72,5.42,5.47,5.92,5.92,6.36,6.11,6.58,6.2,6.48,6.38,6.38,6.64,6.46,6.79,6.8,6.59,6.95,6.66,6.98,6.53,6.82,7.05,7.1
MAC,"Macau, SAR",23.06,23.04,23.16,23.11,22.94,23.09,23.06,23.22,23.07,22.98,23.02,23.07,23.07,22.96,22.94,22.87,22.9,22.85,22.9,22.95,22.94,22.82,22.97,23.1,22.94,22.96,22.89,22.93,22.97,22.94,23.01,23.1,22.89,22.88,22.98,22.81,23.06,23,22.98,23.07,23.24,23.14,22.83,22.79,22.96,22.91,23.08,23.37,23.26,23.14,23.25,23.45,23.36,23.25,23.3,23.36,23.33,23.34,23.43,23.4,23.32,23.51,23.42,23.46,23.47
MAF,Saint-Martin (Fr.),25.64,25.65,25.72,25.7,25.72,25.72,25.66,25.69,25.77,25.74,25.72,25.67,25.67,25.67,25.63,25.63,25.67,25.64,25.6,25.58,25.64,25.65,25.66,25.69,25.71,25.59,25.51,25.84,25.7,25.75,25.69,25.71,25.8,25.67,25.7,25.71,25.78,25.76,25.83,25.92,26.05,25.96,25.67,25.77,25.88,25.87,25.99,25.97,25.98,26.03,26.05,26.21,26.11,26.18,26.26,26.19,26.18,26.1,26.22,26.23,26.33,26.26,26.37,26.33,26.31
MAR,Morocco,17.78,17.62,17.79,17.68,17.62,17.81,17.71,17.72,17.75,17.79,17.64,17.68,17.71,17.61,17.54,17.4,17.59,17.67,17.55,17.55,17.57,17.5,17.73,17.67,17.64,17.69,17.54,17.92,17.78,17.89,17.86,17.92,17.86,17.72,17.82,17.68,17.74,17.95,18.01,18.08,18.39,18.1,17.46,17.93,17.92,17.98,18.11,18.16,18.2,18.39,18.39,18.52,18.45,18.47,18.53,18.53,18.54,18.38,18.69,18.68,18.61,18.72,18.64,18.83,18.53
MCO,Monaco,14.23,14.04,14.04,13.99,13.88,14.1,14.08,13.88,13.91,14.18,13.96,14.01,14.03,13.99,14.01,13.77,13.96,13.97,13.8,13.93,13.7,13.71,13.96,13.98,14.05,14.09,13.82,13.77,14.13,14.02,14.03,14.06,14.05,13.98,14.08,13.99,14.07,14.23,14.14,14.36,14.42,14.37,13.98,14.09,14.27,14.25,14.44,14.33,14.43,14.33,14.64,14.59,14.63,14.7,14.67,14.79,14.89,14.73,14.92,14.79,15.01,14.85,14.81,14.91,14.79
MDA,Moldova,9.41,9.19,9.29,9.64,9.36,9.38,9.1,9.13,9.29,9.57,9.41,9.47,9.4,9.21,9.26,9,8.99,9.19,9.12,9.16,8.86,9.27,9.08,9.51,9.22,8.89,9.34,9.16,9.44,9.29,9.12,9.09,9.12,9.07,9.11,9.6,9.58,9.24,9.44,9.59,9.85,9.31,8.9,9.44,9.87,9.72,10.3,9.86,9.93,10.19,10.27,10.15,10.27,10.53,10.22,10.38,10.52,10.37,10.66,10.65,10.79,10.53,10.72,10.65,10.66
MDG,Madagascar,22.45,22.47,22.52,22.45,22.47,22.48,22.45,22.54,22.53,22.58,22.51,22.53,22.43,22.22,22.26,22.36,22.39,22.34,22.38,22.51,22.51,22.47,22.5,22.57,22.56,22.46,22.52,22.56,22.54,22.63,22.58,22.65,22.6,22.46,22.53,22.56,22.74,22.62,22.73,22.67,22.84,22.72,22.48,22.45,22.62,22.69,22.65,22.77,22.83,22.79,22.81,22.94,22.91,22.95,22.95,22.9,22.95,22.95,22.96,22.99,23.02,23.1,23.16,23.14,23.12
MDV,Maldives,26.73,26.72,26.72,26.67,26.65,26.7,26.69,26.7,26.8,26.72,26.79,26.79,26.75,26.52,26.5,26.56,26.67,26.59,26.6,26.66,26.63,26.7,26.71,26.74,26.73,26.63,26.68,26.79,26.73,26.8,26.77,26.82,26.77,26.67,26.75,26.73,26.85,26.82,26.85,26.9,26.97,26.89,26.57,26.68,26.83,26.87,26.89,26.94,27.05,26.99,27.02,27.11,27.06,27.1,27.17,27.14,27.17,27.13,27.15,27.21,27.2,27.22,27.29,27.28,27.24
MEX,Mexico,20.61,20.67,20.54,20.63,20.62,20.6,20.69,20.69,20.71,20.74,20.7,20.65,20.61,20.58,20.38,20.45,20.57,20.55,20.55,20.59,20.61,20.59,20.61,20.59,20.62,20.56,20.65,20.65,20.67,20.75,20.7,20.8,20.64,20.5,20.58,20.71,20.75,20.9,20.88,20.89,20.99,20.92,20.62,20.66,20.78,20.92,20.94,21.09,21.04,21.08,21.16,21.2,21.24,21.23,21.28,21.28,21.23,21.24,21.3,21.4,21.38,21.43,21.4,21.48,21.44
MHL,Marshall Islands,26.62,26.58,26.62,26.57,26.61,26.56,26.59,26.59,26.62,26.66,26.62,26.61,26.61,26.49,26.38,26.47,26.54,26.5,26.51,26.57,26.57,26.55,26.59,26.63,26.58,26.54,26.63,26.62,26.68,26.65,26.68,26.71,26.66,26.61,26.57,26.66,26.65,26.67,26.72,26.82,26.85,26.81,26.58,26.55,26.68,26.73,26.78,26.88,26.9,26.9,26.91,26.92,26.97,27.02,26.99,27,26.96,27,27.08,27.04,27.08,27.08,27.13,27.15,27.11
MKD,North Macedonia,10.52,10.59,10.61,10.62,10.34,10.53,10.22,10.54,10.56,10.65,10.58,10.46,10.47,10.4,10.4,9.98,10.12,10.27,10.27,10.29,10.15,10.4,10.2,10.4,10.17,10.14,10.26,10.11,10.36,10.2,10.28,10.46,10.37,10.23,10.34,10.36,10.51,10.41,10.56,10.67,11.03,10.66,10.1,10.36,10.79,10.7,10.88,10.75,10.79,11.21,11.36,11.2,11.13,11.31,11.18,11.23,11.42,11.24,11.57,11.49,11.62,11.63,11.45,11.49,11.73
MLI,Mali,27.77,27.88,27.79,27.74,27.79,27.77,27.82,28.04,27.87,27.83,28.05,27.82,27.86,27.52,27.55,27.65,27.7,27.69,27.77,27.7,27.77,27.74,27.88,27.85,27.79,27.8,27.87,27.94,27.88,28.02,28,28.07,28.04,27.84,27.95,27.84,28.12,28.13,28.02,28.13,28.41,28.3,27.76,27.96,28.17,28.19,28.19,28.44,28.32,28.46,28.53,28.69,28.7,28.65,28.74,28.63,28.72,28.77,28.77,28.77,28.91,28.98,28.96,28.95,28.94
MLT,Malta,18.8,18.88,18.84,18.87,18.74,18.97,18.76,18.84,18.86,18.89,18.83,18.73,18.86,18.79,18.65,18.56,18.66,18.73,18.59,18.64,18.64,18.66,18.67,18.75,18.77,18.57,18.55,18.49,18.84,18.68,18.79,18.88,18.81,18.68,18.72,18.7,18.81,18.72,18.79,18.85,19.06,19.07,18.67,18.82,18.99,18.94,19.08,19,19.17,19.14,19.34,19.25,19.38,19.5,19.43,19.45,19.45,19.43,19.58,19.47,19.68,19.58,19.63,19.6,19.64
MMR,Myanmar,23.56,23.59,23.58,23.5,23.56,23.59,23.61,23.53,23.56,23.55,23.59,23.62,23.57,23.4,23.33,23.39,23.48,23.43,23.4,23.47,23.49,23.47,23.45,23.56,23.45,23.45,23.53,23.55,23.5,23.68,23.55,23.59,23.55,23.41,23.65,23.5,23.67,23.64,23.61,23.62,23.75,23.66,23.29,23.45,23.59,23.64,23.69,23.81,23.82,23.8,23.89,24.02,23.93,23.87,23.96,23.89,23.94,23.87,23.89,23.94,24.02,24.02,24.03,24.1,24.1
MNE,Montenegro,8.85,8.81,8.97,9,8.66,9,8.65,8.81,8.93,9.03,8.89,8.77,8.91,8.71,8.78,8.47,8.55,8.7,8.65,8.62,8.45,8.81,8.62,8.75,8.73,8.62,8.56,8.53,8.92,8.59,8.78,8.84,8.89,8.72,8.71,8.85,8.85,8.71,8.8,9.07,9.37,9.09,8.55,8.79,9.25,9.1,9.21,9.05,9.32,9.4,9.77,9.55,9.47,9.77,9.56,9.6,9.81,9.59,9.84,9.87,10.05,9.94,9.85,9.88,9.97
MNG,Mongolia,0.72,0.31,0.36,0.57,0.46,0.75,0.56,0.4,0.25,0.6,0.38,0.7,0.59,0.72,0.46,-0.12,0.16,0.27,0.28,0.31,0.29,0.15,0.36,0.28,0.5,0.3,-0.01,0.43,0.53,0.32,0.67,0.47,0.46,-0.14,0.12,0.57,0.61,0.63,0.66,0.78,0.92,0.85,0.41,0.34,0.7,0.9,0.97,0.72,1.07,1.06,1.31,1.3,1.36,1.41,1.26,1.86,1.69,1.32,1.38,1.52,1.72,1.72,1.8,1.86,1.54
MNP,Northern Mariana Islands (U.S.),26.66,26.6,26.53,26.52,26.55,26.57,26.6,26.56,26.61,26.57,26.57,26.57,26.61,26.44,26.41,26.46,26.59,26.49,26.52,26.53,26.51,26.59,26.58,26.57,26.59,26.59,26.56,26.58,26.59,26.66,26.7,26.62,26.59,26.51,26.59,26.56,26.62,26.72,26.72,26.74,26.74,26.72,26.49,26.5,26.63,26.69,26.76,26.81,26.92,26.86,26.8,26.89,26.85,26.91,27.01,26.98,26.92,26.9,26.92,26.99,27.02,26.99,26.99,27.1,27.12
MOZ,Mozambique,23.69,23.75,23.76,23.72,23.75,23.79,23.6,23.78,23.83,23.78,23.87,23.76,23.79,23.42,23.48,23.69,23.6,23.62,23.68,23.8,23.82,23.73,23.79,23.81,23.84,23.77,23.74,23.79,23.71,23.85,23.82,23.88,23.74,23.79,23.79,23.73,23.93,23.92,24.02,23.95,24.1,23.99,23.71,23.66,23.89,23.93,24.01,24.05,24.18,24.05,24.2,24.32,24.29,24.36,24.32,24.29,24.27,24.37,24.25,24.27,24.37,24.39,24.45,24.59,24.51
MRT,Mauritania,26.7,26.72,26.74,26.58,26.63,26.74,26.75,26.91,26.79,26.8,26.92,26.77,26.81,26.54,26.49,26.52,26.64,26.69,26.67,26.69,26.6,26.63,26.82,26.77,26.69,26.79,26.78,26.84,26.87,27.01,26.91,27,27.05,26.74,26.81,26.81,26.98,27.1,27.05,27.08,27.48,27.29,26.58,27.01,27.09,27.23,27.17,27.37,27.38,27.5,27.55,27.73,27.61,27.63,27.73,27.65,27.71,27.71,27.84,27.81,27.93,28.01,27.97,28.03,27.9
MSR,Montserrat (U.K.),25.67,25.74,25.71,25.71,25.79,25.77,25.7,25.71,25.82,25.77,25.8,25.74,25.74,25.7,25.63,25.67,25.65,25.65,25.63,25.65,25.67,25.72,25.68,25.72,25.78,25.66,25.56,25.87,25.74,25.81,25.74,25.79,25.84,25.71,25.71,25.76,25.85,25.8,25.86,25.91,26.07,26,25.71,25.83,25.91,25.9,26.04,26.01,25.98,26.06,26.07,26.21,26.2,26.21,26.32,26.22,26.23,26.13,26.27,26.32,26.35,26.31,26.37,26.38,26.33
MTQ,France,25.58,25.62,25.65,25.58,25.67,25.67,25.59,25.63,25.74,25.7,25.76,25.69,25.66,25.55,25.53,25.56,25.5,25.53,25.53,25.58,25.54,25.63,25.55,25.67,25.67,25.56,25.48,25.73,25.62,25.72,25.64,25.68,25.73,25.63,25.63,25.65,25.76,25.77,25.83,25.81,25.97,25.93,25.6,25.68,25.76,25.82,25.9,25.91,25.87,25.97,25.97,26.12,26.1,26.1,26.2,26.15,26.11,26.05,26.16,26.17,26.21,26.26,26.32,26.32,26.26
MUS,Mauritius,23.45,23.45,23.49,23.5,23.46,23.44,23.42,23.48,23.46,23.43,23.46,23.54,23.35,23.24,23.22,23.36,23.31,23.26,23.32,23.39,23.31,23.4,23.45,23.55,23.64,23.46,23.45,23.49,23.51,23.53,23.48,23.48,23.6,23.46,23.5,23.55,23.56,23.53,23.54,23.67,23.7,23.66,23.41,23.45,23.48,23.5,23.49,23.68,23.74,23.72,23.75,23.77,23.74,23.81,23.85,23.78,23.88,23.82,23.87,23.76,23.84,23.94,23.94,23.91,23.91
MWI,Malawi,21.74,21.74,21.79,21.76,21.79,21.83,21.66,21.82,21.89,21.88,21.94,21.79,21.78,21.51,21.55,21.77,21.67,21.62,21.65,21.83,21.87,21.8,21.79,21.84,21.87,21.83,21.79,21.85,21.73,21.9,21.9,21.92,21.84,21.86,21.84,21.78,21.96,21.93,22.05,21.99,22.13,22.03,21.76,21.74,21.9,21.99,22.06,22.07,22.24,22.11,22.21,22.39,22.37,22.4,22.41,22.3,22.27,22.47,22.35,22.33,22.41,22.48,22.55,22.57,22.56
MYS,Malaysia,25.67,25.65,25.62,25.62,25.57,25.64,25.62,25.62,25.7,25.6,25.65,25.65,25.62,25.43,25.46,25.47,25.55,25.5,25.52,25.62,25.57,25.6,25.58,25.66,25.61,25.55,25.59,25.69,25.66,25.7,25.66,25.73,25.7,25.56,25.68,25.64,25.78,25.76,25.8,25.82,25.94,25.82,25.46,25.62,25.73,25.81,25.81,25.87,25.95,25.95,26.01,26.09,26.02,26.04,26.16,26.09,26.05,26.1,26.12,26.13,26.19,26.22,26.26,26.23,26.22
MYT,France,25.67,25.78,25.75,25.74,25.69,25.7,25.69,25.78,25.79,25.72,25.76,25.78,25.69,25.5,25.56,25.64,25.63,25.59,25.62,25.71,25.72,25.66,25.69,25.82,25.81,25.65,25.73,25.79,25.77,25.81,25.73,25.83,25.77,25.68,25.73,25.72,25.89,25.81,25.86,25.83,25.98,25.93,25.61,25.72,25.76,25.83,25.85,26.02,26.01,25.94,25.97,26.15,26.05,26.07,26.1,26.11,26.1,26.13,26.08,26.11,26.14,26.25,26.25,26.23,26.23
NAM,Namibia,20.93,21.04,21.05,20.85,20.89,21.08,20.96,21.16,21.02,20.99,21.03,21.1,21.06,20.56,20.57,20.91,20.96,20.78,20.85,21.02,20.96,20.98,20.99,21.06,21.04,21,21.01,21.04,21.07,21.03,21.14,21.22,21.25,20.99,21.05,21.1,21.24,21.25,21.27,21.3,21.4,21.52,20.82,20.94,21.24,21.27,21.27,21.39,21.57,21.41,21.6,21.66,21.68,21.75,21.81,21.71,21.73,21.57,21.68,21.71,21.8,21.66,21.89,21.99,21.88
NCL,New Caledonia (Fr.),22.15,22.24,22.26,22.2,22.22,22.29,22.24,22.14,22.39,22.28,22.22,22.29,22.27,22.02,21.89,21.98,22.25,22.26,22.23,22.31,22.26,22.23,22.37,22.38,22.3,22.37,22.22,22.29,22.33,22.33,22.45,22.41,22.49,22.34,22.48,22.37,22.57,22.45,22.47,22.44,22.51,22.55,22.25,22.28,22.49,22.53,22.53,22.62,22.57,22.73,22.69,22.68,22.76,22.72,22.83,22.78,22.75,22.82,22.81,22.8,22.77,22.64,22.8,22.89,22.86
NER,Niger,26.5,26.64,26.45,26.45,26.54,26.53,26.52,26.7,26.54,26.55,26.67,26.54,26.64,26.23,26.3,26.39,26.52,26.4,26.49,26.38,26.55,26.49,26.61,26.64,26.53,26.56,26.52,26.75,26.57,26.65,26.66,26.72,26.59,26.58,26.59,26.56,26.94,26.78,26.7,26.89,26.99,27.11,26.59,26.66,26.96,26.98,26.94,27.15,26.91,27.11,27.25,27.4,27.4,27.43,27.37,27.32,27.47,27.37,27.43,27.52,27.73,27.8,27.7,27.61,27.74
NFK,Norfolk Island (Aus.),19.56,19.54,19.43,19.47,19.46,19.63,19.57,19.5,19.76,19.59,19.47,19.64,19.47,19.29,19.26,19.37,19.49,19.6,19.55,19.56,19.59,19.51,19.59,19.68,19.59,19.63,19.56,19.56,19.59,19.55,19.73,19.62,19.77,19.63,19.83,19.65,19.77,19.77,19.76,19.77,19.79,19.82,19.57,19.53,19.8,19.72,19.8,19.78,19.87,19.98,19.97,20,19.94,19.99,20.13,20.12,19.94,20.03,20.06,20.1,20.02,20.02,20.12,20.18,20.17
NGA,Nigeria,26.99,27.13,27,27.02,27.03,26.98,26.93,27.13,27,27.02,27.09,27.04,27.07,26.73,26.69,26.89,26.89,26.87,26.96,26.96,27.01,26.94,26.97,27.06,26.95,26.95,26.91,27.09,27.02,27.1,27.09,27.14,27.08,27.03,27.05,26.96,27.2,27.11,27.17,27.14,27.31,27.22,26.88,26.91,27.11,27.16,27.17,27.33,27.25,27.28,27.36,27.56,27.43,27.47,27.42,27.41,27.47,27.44,27.5,27.49,27.62,27.62,27.69,27.65,27.7
NIC,Nicaragua,25.35,25.35,25.28,25.3,25.35,25.36,25.3,25.3,25.36,25.3,25.34,25.31,25.32,25.14,25.15,25.19,25.24,25.21,25.26,25.31,25.25,25.3,25.24,25.35,25.39,25.25,25.33,25.4,25.35,25.42,25.4,25.47,25.41,25.28,25.36,25.38,25.54,25.48,25.47,25.56,25.75,25.6,25.33,25.42,25.44,25.44,25.61,25.64,25.72,25.67,25.75,25.87,25.88,25.87,25.93,25.89,25.84,25.9,25.89,25.93,25.98,26.02,26.04,26.09,25.95
NIU,Niue (N.Z.),24.98,24.79,24.91,24.8,24.76,24.9,24.99,24.95,24.88,25,24.97,25.03,24.95,24.65,24.67,24.73,24.91,24.91,24.93,24.93,24.98,24.98,24.92,25.08,25.03,24.89,24.88,24.91,25.03,25.1,25.07,25,25.14,24.95,24.98,24.99,25,25.23,25.13,25.12,25.15,25.16,24.97,25,25.11,25.15,25.18,25.08,25.21,25.35,25.24,25.34,25.34,25.27,25.31,25.39,25.47,25.4,25.32,25.35,25.33,25.32,25.35,25.47,25.39
NLD,Netherlands,9.57,9.55,9.48,9.27,9.28,9.49,9.75,9.35,9.44,9.47,9.47,9.43,9.4,9.62,9.29,9.55,9.27,9.39,9.41,9.24,9.05,9.33,9.3,9.43,9.78,9.53,9.37,9.39,9.7,9.54,9.68,9.58,9.54,9.39,9.45,9.91,9.59,9.76,9.95,10.02,10,9.79,9.5,9.73,9.8,9.92,10.1,9.96,10.13,10.08,10.35,10.17,10.21,10.51,10.22,10.53,10.48,10.4,10.68,10.66,10.58,10.57,10.54,10.58,10.46
NOR,Norway,1.12,1.11,1.13,0.87,1.02,0.93,1.28,0.91,1.32,0.95,1.14,1.11,0.81,1.12,0.99,1.08,0.91,0.98,1.2,0.6,0.7,0.96,0.92,1.03,1.26,1.13,1.2,1.1,1.37,1.31,1.19,1.17,1.23,1.14,1.02,1.48,1.55,1.54,1.43,1.64,1.57,1.78,1.61,1.37,1.38,1.61,1.66,1.53,1.91,1.74,1.84,1.88,1.93,2.11,1.92,2.35,2.27,2.07,2.42,2.38,2.24,2.31,2.6,2.49,2.65
NPL,Nepal,12.21,12.18,12.03,12.14,12.1,12.02,12.14,12.12,12.06,12.21,12.12,12.12,12.16,11.96,11.94,11.95,12.1,11.91,11.85,11.89,11.98,12.08,12,12.03,12.11,12.01,12.07,12.11,12.04,12.16,12.13,12.19,12.1,11.96,12.11,12.13,12.13,12.24,12.15,12.19,12.26,12.37,11.87,12,12.11,12.27,12.2,12.37,12.3,12.52,12.37,12.54,12.7,12.46,12.55,12.63,12.58,12.59,12.47,12.54,12.74,12.68,12.76,12.75,12.78
NRU,Nauru,26.88,26.98,26.95,26.87,26.92,26.9,26.81,26.89,26.92,26.88,26.92,26.92,26.96,26.77,26.65,26.79,26.82,26.78,26.84,26.87,26.77,26.87,26.9,27.06,26.89,26.82,26.94,26.88,26.92,26.94,27.03,27,26.91,26.8,26.92,26.96,26.86,26.97,26.84,27.1,27.19,27.11,26.9,26.86,26.78,26.95,26.96,27.17,27.16,27.07,27.27,27.23,27.29,27.31,27.36,27.18,27.23,27.3,27.33,27.35,27.35,27.47,27.34,27.38,27.24
NZL,New Zealand,10.09,10.04,9.91,10.11,9.95,10.14,10.01,10.06,10.31,10.14,10.02,10.1,10.04,10.05,9.93,9.87,9.92,10.03,10.04,10.03,10.22,10.1,10.25,10.16,10.17,10.21,10.14,10.12,10.23,10.22,10.34,10.31,10.26,10.21,10.25,10.36,10.35,10.31,10.43,10.4,10.41,10.49,10.18,10.11,10.27,10.5,10.53,10.36,10.49,10.63,10.61,10.67,10.62,10.64,10.67,10.64,10.56,10.61,10.72,10.61,10.76,10.57,10.7,10.78,10.83
OMN,Oman,27.21,27.16,27.19,27.1,27.09,27.26,27.13,27.31,27.28,27.28,27.3,27.18,27.23,27.1,27.02,27.05,27.08,27.14,27.16,27.18,27.22,27.12,27.14,27.17,27.24,27.16,27.21,27.3,27.26,27.28,27.37,27.41,27.3,27.16,27.29,27.38,27.39,27.42,27.46,27.51,27.61,27.62,27.29,27.27,27.47,27.58,27.56,27.81,27.72,27.84,27.73,27.93,27.95,27.91,27.86,27.94,27.97,27.98,27.96,27.95,28.08,28.09,28.23,28.17,28.18
PAK,Pakistan,20.18,20.13,20,19.91,19.96,20.06,19.95,20.27,19.96,20.17,20.1,20.08,20.05,19.8,19.79,19.92,19.91,19.96,19.84,19.86,19.93,19.92,19.96,19.96,20.06,19.96,19.95,20.02,20.1,20.12,20.11,20.21,20.1,19.9,20.09,20.15,20.18,20.27,20.14,20.32,20.3,20.36,20.01,20.03,20.17,20.33,20.27,20.44,20.5,20.66,20.49,20.63,20.81,20.64,20.74,20.69,20.62,20.71,20.64,20.78,20.82,20.94,20.86,20.93,21.02
PAN,Panama,25.01,25.06,25.01,24.95,24.98,25.03,24.93,25.03,25.06,24.99,25.04,25.02,24.94,24.86,24.86,24.92,24.9,24.84,24.95,24.94,24.95,24.99,24.99,25.05,25.02,24.9,25.05,25.05,25.04,25.06,25.06,25.11,25.11,24.99,25,25.04,25.13,25.1,25.07,25.18,25.3,25.24,24.98,25.05,25.09,25.09,25.2,25.26,25.29,25.25,25.31,25.41,25.4,25.39,25.52,25.42,25.41,25.45,25.45,25.48,25.53,25.59,25.55,25.65,25.54
PCN,Pitcairn Islands (U.K.),22.71,22.65,22.72,22.75,22.79,22.7,22.77,22.8,22.75,22.86,22.76,22.88,22.78,22.64,22.44,22.59,22.75,22.71,22.57,22.74,22.9,22.73,22.81,22.72,22.73,22.87,22.83,22.9,22.96,22.8,22.97,22.98,22.8,22.88,22.88,22.83,22.89,22.81,22.96,22.84,22.93,22.9,22.73,22.74,22.88,23.03,23.01,23.06,23,23.01,23.12,22.94,23.08,23.05,23.06,23.02,23.11,23.07,23.08,23.18,23.02,23.1,23.1,23.11,23.19
PER,Peru,18.82,18.86,18.87,18.78,18.81,18.86,18.7,18.89,18.95,18.79,18.89,18.84,18.81,18.48,18.61,18.67,18.68,18.64,18.72,18.78,18.75,18.74,18.79,18.9,18.81,18.6,18.83,18.91,18.86,18.97,18.93,19.03,18.98,18.74,18.86,18.85,19.07,18.99,18.99,19.05,19.33,19.25,18.66,18.88,18.95,19.01,19.04,19.23,19.32,19.21,19.32,19.52,19.41,19.44,19.53,19.44,19.41,19.43,19.57,19.53,19.63,19.7,19.74,19.69,19.66
PHL,Philippines,25.75,25.69,25.65,25.66,25.64,25.75,25.67,25.65,25.78,25.67,25.67,25.71,25.66,25.53,25.51,25.58,25.61,25.56,25.57,25.66,25.6,25.66,25.61,25.7,25.72,25.64,25.62,25.7,25.7,25.76,25.75,25.72,25.74,25.62,25.73,25.71,25.81,25.81,25.84,25.81,25.89,25.87,25.57,25.68,25.78,25.88,25.85,25.92,26,26.01,26,26.11,26.09,26.05,26.14,26.14,26.08,26.07,26.08,26.18,26.22,26.15,26.27,26.24,26.25
PLW,Palau,26.77,26.71,26.71,26.72,26.68,26.76,26.69,26.72,26.74,26.71,26.74,26.74,26.69,26.6,26.52,26.59,26.65,26.62,26.64,26.64,26.63,26.7,26.69,26.7,26.7,26.68,26.66,26.74,26.77,26.78,26.8,26.75,26.78,26.71,26.75,26.73,26.79,26.82,26.84,26.87,26.87,26.9,26.57,26.65,26.77,26.89,26.9,26.95,26.99,27.04,27.01,27.08,27.06,27.07,27.12,27.15,27.12,27.06,27.11,27.14,27.22,27.15,27.24,27.29,27.27
PNG,Papua New Guinea,23.5,23.47,23.46,23.44,23.44,23.49,23.48,23.45,23.58,23.51,23.52,23.51,23.47,23.32,23.26,23.33,23.38,23.38,23.4,23.42,23.39,23.48,23.46,23.52,23.49,23.45,23.43,23.51,23.55,23.56,23.58,23.59,23.56,23.48,23.52,23.53,23.6,23.63,23.64,23.62,23.74,23.68,23.4,23.47,23.61,23.69,23.69,23.73,23.76,23.83,23.87,23.93,23.89,23.9,23.95,23.94,23.95,23.92,23.97,23.97,24.04,23.97,24.06,24.14,24.09
POL,Poland,7.8,7.37,7.64,7.66,7.3,7.61,7.71,7.31,7.58,7.56,7.81,7.57,7.41,7.58,7.52,7.41,7.31,7.32,7.43,7.34,7.16,7.64,7.33,7.55,7.91,7.4,7.5,7.56,7.81,7.72,7.54,7.52,7.6,7.54,7.61,8.03,7.73,7.88,7.85,8.12,8.07,7.8,7.33,7.63,8.13,7.82,8.41,8.3,8.5,8.27,8.52,8.44,8.45,8.59,8.42,9.02,8.89,8.72,8.93,8.88,8.94,8.84,8.9,8.97,8.92
PRI,Puerto Rico (U.S.),25.24,25.27,25.31,25.28,25.33,25.37,25.25,25.28,25.35,25.34,25.31,25.29,25.3,25.24,25.22,25.19,25.28,25.19,25.21,25.2,25.24,25.25,25.25,25.29,25.32,25.2,25.17,25.37,25.3,25.34,25.3,25.37,25.34,25.27,25.32,25.31,25.37,25.34,25.45,25.52,25.64,25.53,25.28,25.35,25.44,25.46,25.58,25.57,25.62,25.65,25.65,25.78,25.74,25.74,25.83,25.78,25.77,25.74,25.83,25.85,25.9,25.87,25.93,25.93,25.86
PRK,D. P. R. of Korea,6.99,6.73,6.72,6.79,6.83,6.76,7.04,6.79,6.8,6.73,6.68,6.87,6.66,6.92,6.7,6.44,6.58,6.67,6.49,6.6,6.48,6.28,6.46,6.42,6.71,6.6,6.41,6.61,6.71,6.48,6.71,6.68,6.64,6.18,6.31,6.69,6.79,6.8,6.96,7,7.07,6.9,6.71,6.63,6.79,6.91,7.14,7.02,7.2,7.11,7.35,7.38,7.41,7.39,7.16,7.63,7.75,7.36,7.52,7.49,7.63,7.67,7.72,7.9,7.49
PRT,Portugal,14.9,14.68,14.79,14.68,14.68,14.86,14.84,14.61,14.77,14.83,14.64,14.77,14.84,14.77,14.76,14.49,14.6,14.66,14.55,14.61,14.7,14.56,14.79,14.61,14.87,14.9,14.57,14.84,14.85,14.85,14.92,14.94,14.9,14.75,14.83,14.81,14.74,15.12,15.1,15.15,15.26,15.14,14.7,14.92,14.93,15.07,15.12,15.1,15.2,15.45,15.37,15.49,15.61,15.47,15.64,15.53,15.52,15.42,15.52,15.55,15.52,15.49,15.49,15.69,15.57
PRY,Paraguay,23.77,23.74,23.98,23.93,23.75,23.92,23.63,23.82,23.64,23.93,23.67,23.86,23.86,23.23,23.28,23.72,23.75,23.61,23.67,23.83,23.75,23.8,23.79,23.78,23.79,23.59,23.73,24,23.84,24.01,24.18,24.18,23.9,23.85,24,23.78,24.13,23.99,23.96,24.14,24.09,24.1,23.7,23.98,23.9,24.04,23.98,24.34,24.43,24.34,24.25,24.33,24.44,24.38,24.43,24.46,24.27,24.18,24.49,24.62,24.69,24.6,24.87,24.68,24.99
PSE,West Bank and Gaza,19.73,19.78,19.82,19.78,19.71,19.73,19.73,19.88,19.67,19.7,19.81,19.7,19.7,19.72,19.54,19.49,19.56,19.5,19.44,19.59,19.63,19.7,19.68,19.66,19.6,19.65,19.59,19.6,19.62,19.62,19.67,19.79,19.66,19.59,19.72,19.71,19.97,19.85,19.77,19.85,19.97,19.98,19.67,19.66,19.95,20.02,20,20.07,20.14,20.28,20.25,20.33,20.33,20.49,20.28,20.35,20.4,20.23,20.44,20.41,20.55,20.62,20.52,20.57,20.59
PYF,French Polynesia (Fr.),25.31,25.28,25.35,25.32,25.3,25.25,25.28,25.34,25.36,25.33,25.38,25.34,25.3,25.16,25.11,25.24,25.27,25.28,25.26,25.29,25.26,25.33,25.36,25.33,25.38,25.28,25.34,25.46,25.41,25.42,25.42,25.43,25.45,25.33,25.39,25.42,25.45,25.43,25.47,25.47,25.57,25.55,25.33,25.35,25.37,25.41,25.45,25.57,25.65,25.62,25.65,25.73,25.7,25.66,25.7,25.66,25.68,25.73,25.7,25.74,25.76,25.81,25.78,25.82,25.85
QAT,Qatar,26.71,26.62,26.64,26.65,26.55,26.63,26.56,26.72,26.7,26.73,26.78,26.63,26.69,26.48,26.4,26.43,26.52,26.47,26.57,26.56,26.52,26.42,26.57,26.49,26.56,26.46,26.6,26.67,26.62,26.64,26.73,26.77,26.72,26.46,26.7,26.73,26.81,26.75,26.77,26.84,27.03,26.92,26.6,26.64,26.86,27.05,26.97,27.12,27.14,27.24,27.2,27.48,27.39,27.32,27.31,27.34,27.41,27.42,27.5,27.32,27.59,27.52,27.64,27.62,27.74
REU,France,20.53,20.51,20.54,20.56,20.56,20.5,20.48,20.57,20.53,20.57,20.54,20.58,20.46,20.3,20.26,20.4,20.39,20.35,20.32,20.48,20.45,20.52,20.51,20.6,20.69,20.51,20.5,20.59,20.56,20.61,20.56,20.61,20.69,20.55,20.54,20.61,20.61,20.62,20.63,20.71,20.74,20.73,20.44,20.48,20.56,20.55,20.55,20.67,20.83,20.76,20.81,20.85,20.83,20.86,20.92,20.77,20.9,20.9,20.95,20.81,20.9,20.97,21.03,21,20.93
ROU,Romania,9.22,9.12,9.25,9.4,9.06,9.18,8.92,8.88,9.27,9.41,9.32,9.23,9.17,9.03,9.11,8.78,8.74,9.03,8.99,9.03,8.75,9.09,8.86,9.22,9.02,8.76,8.97,8.89,9.22,8.97,9.04,9.08,9.03,8.91,9.12,9.23,9.27,9.05,9.23,9.53,9.75,9.26,8.79,9.19,9.63,9.46,9.79,9.62,9.71,9.92,10.14,9.87,9.87,10.22,10.05,10.21,10.25,10.13,10.57,10.49,10.6,10.42,10.4,10.42,10.45
RUS,Russian Federation,-4.76,-5.02,-4.91,-4.87,-4.83,-4.69,-4.78,-5.06,-4.92,-4.75,-4.89,-4.76,-5,-4.98,-4.94,-5.34,-5.1,-5.01,-4.83,-5.09,-5.1,-5.13,-5.01,-5.12,-4.83,-4.87,-5.11,-4.71,-4.61,-4.73,-4.77,-4.86,-4.73,-5.14,-5.14,-4.43,-4.53,-4.74,-4.34,-4.22,-4.24,-4.29,-4.73,-4.61,-4.64,-4.28,-4.06,-4.33,-4.02,-4,-3.84,-3.72,-3.65,-3.48,-3.77,-3.39,-3.52,-3.44,-3.21,-3.39,-3.35,-3.52,-3.25,-2.96,-2.99
RWA,Rwanda,19.06,19.09,19.05,19.04,19.07,19.03,19.02,19.06,19.02,19.02,19.14,19.1,19.07,18.79,18.8,18.93,18.95,18.91,19.04,19.05,19.07,19.01,19.04,19.15,19.08,19.1,19.08,19.14,19.03,19.17,19.21,19.26,19.15,19.14,19.12,19.11,19.26,19.24,19.23,19.34,19.38,19.27,19.04,19.09,19.18,19.28,19.33,19.36,19.39,19.4,19.45,19.57,19.59,19.52,19.54,19.57,19.58,19.5,19.58,19.63,19.67,19.72,19.75,19.74,19.71
SAU,Saudi Arabia,24.61,24.57,24.62,24.61,24.58,24.62,24.54,24.72,24.67,24.69,24.77,24.66,24.66,24.42,24.39,24.44,24.44,24.44,24.53,24.58,24.54,24.51,24.6,24.55,24.58,24.51,24.64,24.75,24.65,24.74,24.76,24.83,24.72,24.53,24.79,24.79,24.93,24.89,24.87,24.9,25.08,25.07,24.55,24.74,24.96,25.1,25.12,25.29,25.28,25.4,25.36,25.64,25.54,25.51,25.41,25.52,25.6,25.57,25.64,25.58,25.76,25.83,25.79,25.83,25.92
SDN,Sudan,26.42,26.59,26.5,26.47,26.59,26.48,26.48,26.62,26.5,26.5,26.66,26.54,26.58,26.18,26.3,26.4,26.4,26.28,26.36,26.4,26.48,26.45,26.5,26.6,26.51,26.48,26.55,26.58,26.52,26.6,26.61,26.76,26.41,26.49,26.66,26.64,26.89,26.78,26.74,26.81,26.94,26.91,26.47,26.48,26.82,26.93,26.95,27.11,27.02,27.1,27.08,27.36,27.26,27.29,27.22,27.2,27.23,27.21,27.36,27.32,27.54,27.66,27.55,27.54,27.65
SEN,Senegal,28.44,28.49,28.47,28.36,28.46,28.45,28.48,28.55,28.49,28.54,28.6,28.5,28.52,28.22,28.22,28.34,28.39,28.36,28.37,28.44,28.38,28.38,28.47,28.5,28.51,28.44,28.54,28.54,28.5,28.63,28.69,28.59,28.63,28.5,28.59,28.54,28.78,28.62,28.71,28.73,28.95,28.83,28.34,28.53,28.67,28.76,28.73,28.91,28.95,29,29.01,29.23,29.06,29.15,29.21,29.14,29.18,29.17,29.22,29.22,29.3,29.36,29.33,29.38,29.37
SGP,Singapore,26.77,26.77,26.72,26.73,26.68,26.72,26.71,26.73,26.75,26.7,26.74,26.75,26.68,26.58,26.57,26.58,26.65,26.59,26.63,26.71,26.69,26.7,26.68,26.79,26.69,26.71,26.71,26.77,26.74,26.81,26.71,26.85,26.79,26.69,26.8,26.75,26.78,26.8,26.85,26.88,26.96,26.81,26.55,26.72,26.72,26.84,26.84,26.88,26.99,26.92,27.03,27.08,27,27.04,27.12,27.07,27,27.07,27.09,27.1,27.17,27.19,27.2,27.2,27.15
SHN,"Saint Helena, Ascension and Tristan da Cunha (U.K.)",18.41,18.37,18.4,18.43,18.41,18.43,18.39,18.42,18.47,18.51,18.47,18.38,18.42,18.38,18.21,18.25,18.33,18.37,18.35,18.4,18.44,18.42,18.42,18.42,18.51,18.5,18.45,18.39,18.44,18.59,18.56,18.49,18.58,18.57,18.49,18.57,18.62,18.52,18.59,18.68,18.69,18.69,18.52,18.42,18.55,18.58,18.64,18.71,18.66,18.76,18.78,18.76,18.76,18.78,18.77,18.84,18.85,18.92,18.87,18.91,18.95,18.95,18.92,18.91,19.03
SJM,Svalbard and Jan Mayen (Nor.),-10.29,-9.69,-10.07,-9.55,-10.04,-10.34,-10.31,-9.69,-9.58,-10.04,-9.77,-9.79,-9.96,-9.99,-10.37,-10.02,-10.56,-10.27,-10.2,-10.33,-10.28,-10.08,-9.72,-10.08,-10.45,-10.1,-10.36,-9.92,-10.27,-9.71,-9.92,-9.3,-9.61,-9.61,-10.09,-9.87,-9.93,-9.84,-9.86,-9.94,-8.94,-8.76,-9.23,-9.48,-9.45,-9.26,-9.43,-9.07,-8.91,-8.63,-8.87,-8.53,-8.6,-8.5,-8.17,-8.5,-8.45,-7.85,-8.15,-7.72,-7.79,-8.32,-7.91,-7.78,-7.56
SLB,Solomon Islands,26.01,26,26.01,25.92,25.93,26,25.97,25.97,26.03,26.01,26.01,25.98,25.98,25.81,25.77,25.84,25.91,25.91,25.9,25.96,25.91,25.96,25.97,26.01,26.01,25.97,25.95,26,26.01,26.06,26.13,26.08,26.05,25.98,26.03,26.04,26.11,26.09,26.14,26.13,26.22,26.19,25.94,25.98,26.05,26.17,26.17,26.28,26.25,26.33,26.34,26.37,26.35,26.36,26.41,26.35,26.41,26.4,26.38,26.44,26.43,26.37,26.47,26.57,26.53
SLE,Sierra Leone,25.93,26.02,25.94,25.98,26,25.93,25.94,26.01,26.02,25.99,26.05,25.93,25.99,25.71,25.66,25.85,25.82,25.79,25.89,25.97,26,26.02,25.97,26.06,26.05,25.92,25.97,25.99,26,26.06,26.11,26.13,26.08,26.03,26.05,26.04,26.19,26.11,26.14,26.17,26.3,26.24,25.86,25.96,26.11,26.2,26.17,26.31,26.35,26.34,26.39,26.54,26.44,26.45,26.54,26.5,26.47,26.45,26.51,26.54,26.59,26.62,26.68,26.71,26.7
SLV,El Salvador,25.87,25.93,25.87,25.91,25.89,25.88,25.81,25.91,25.9,25.76,25.9,25.91,25.85,25.63,25.67,25.72,25.76,25.71,25.84,25.83,25.71,25.78,25.82,25.9,25.85,25.78,25.93,25.91,25.9,25.94,25.94,26.08,26,25.77,25.81,25.96,26.08,26.03,26.02,26.12,26.21,26.07,25.81,25.92,25.98,25.95,26.09,26.24,26.25,26.21,26.32,26.39,26.38,26.33,26.42,26.42,26.31,26.45,26.42,26.47,26.49,26.51,26.5,26.53,26.49
SMR,San Marino,14.27,14.11,14.09,14.15,13.84,14.17,14.1,13.97,14.02,14.24,14.11,13.88,14.01,14.01,13.93,13.75,13.88,13.93,13.79,13.96,13.67,14.01,13.96,14.03,13.98,14.05,13.86,13.82,14.1,13.95,14.03,14.05,14.01,13.85,14,14.02,14.01,14.02,14.07,14.4,14.61,14.29,13.86,14.15,14.43,14.28,14.37,14.44,14.37,14.44,14.79,14.63,14.59,14.88,14.81,14.88,14.9,14.88,14.93,14.92,15.01,15.01,14.93,15.04,14.92
SOM,Somalia,26.59,26.61,26.59,26.55,26.53,26.6,26.5,26.58,26.62,26.56,26.62,26.62,26.55,26.36,26.39,26.45,26.52,26.42,26.42,26.54,26.53,26.53,26.59,26.63,26.64,26.51,26.54,26.68,26.62,26.64,26.66,26.68,26.71,26.53,26.65,26.58,26.73,26.69,26.74,26.77,26.85,26.83,26.46,26.58,26.69,26.76,26.81,26.92,26.95,26.91,26.97,27.05,27.02,27.14,27.07,27.04,26.98,27.03,27.04,27.1,27.19,27.23,27.21,27.25,27.21
SPM,Saint-Pierre-et-Miquelon (Fr.),5.17,5.33,5.51,5.51,5.43,5.23,4.86,5.25,5.32,5.12,5.06,5.36,5.29,5.17,5.11,5.39,5.35,5.17,4.9,5.38,5.12,5.37,5.07,5.26,5.2,5.36,4.93,5.19,5.29,5.56,5.32,5.3,5.39,5.07,5.23,5.18,5.55,5.61,5.59,5.71,5.6,5.48,5.3,5.33,5.68,5.84,5.9,5.98,5.88,6.08,6.02,6.17,6.01,6.13,6.37,6.35,6.24,6.33,6.49,6.46,6.25,6.31,6.45,6.42,6.79
SRB,Serbia,10.52,10.49,10.65,10.62,10.26,10.65,10.28,10.31,10.64,10.7,10.56,10.39,10.45,10.34,10.45,10.02,10.01,10.36,10.24,10.3,10.01,10.46,10.13,10.48,10.29,10.15,10.17,10.12,10.55,10.14,10.35,10.43,10.47,10.33,10.38,10.52,10.43,10.33,10.53,10.83,11.19,10.82,10.1,10.48,11,10.79,10.98,10.77,10.93,11.23,11.45,11.19,11.13,11.41,11.3,11.42,11.61,11.44,11.8,11.9,11.91,11.83,11.64,11.66,11.77
SSD,South Sudan,27.29,27.44,27.32,27.39,27.35,27.29,27.32,27.42,27.33,27.4,27.44,27.43,27.42,27.06,27.04,27.18,27.18,27.21,27.34,27.34,27.37,27.26,27.4,27.47,27.37,27.37,27.34,27.49,27.34,27.48,27.52,27.59,27.41,27.44,27.43,27.38,27.59,27.58,27.62,27.6,27.7,27.58,27.31,27.27,27.4,27.55,27.61,27.71,27.67,27.65,27.76,28,27.91,27.83,27.79,27.79,27.89,27.75,27.88,27.9,28.06,28.12,28.04,28.06,28.17
STP,São Tomé and Príncipe,25.16,25.23,25.16,25.14,25.19,25.14,25.21,25.13,25.18,25.21,25.24,25.11,25.15,24.9,24.94,25.02,25.07,25.01,25.02,25.15,25.19,25.17,25.17,25.24,25.15,25.16,25.15,25.24,25.26,25.27,25.23,25.4,25.25,25.18,25.2,25.23,25.37,25.28,25.35,25.33,25.43,25.42,25.01,25.04,25.36,25.31,25.31,25.48,25.48,25.49,25.56,25.62,25.59,25.64,25.62,25.62,25.64,25.63,25.66,25.68,25.73,25.76,25.84,25.88,25.89
SUR,Suriname,26.05,26.18,26.08,26.06,26.07,26.05,26.06,26.11,26.22,26.11,26.17,26.15,26.09,25.84,25.83,25.94,26.01,25.87,25.93,26.01,26.05,26.06,26.07,26.11,26.14,25.93,26.09,26.27,26.18,26.18,26.15,26.24,26.24,26,26.12,26.09,26.3,26.36,26.26,26.31,26.59,26.48,25.97,26.18,26.16,26.3,26.37,26.54,26.62,26.48,26.48,26.81,26.72,26.69,26.92,26.73,26.7,26.7,26.71,26.82,26.75,26.8,26.89,26.88,26.9
SVK,Slovak Republic,7.79,7.49,7.77,7.76,7.38,7.76,7.69,7.34,7.74,7.8,7.85,7.67,7.68,7.55,7.55,7.27,7.28,7.52,7.45,7.53,7.37,7.74,7.43,7.8,7.73,7.33,7.48,7.56,7.85,7.41,7.7,7.51,7.63,7.61,7.71,7.92,7.62,7.75,7.72,8.27,8.16,7.89,7.32,7.77,8.28,7.87,8.4,8.23,8.39,8.31,8.7,8.35,8.35,8.66,8.52,8.91,8.91,8.76,9,8.98,9.03,9.04,9.01,8.94,8.89
SVN,Slovenia,9.27,9.13,9.35,9.3,8.93,9.33,9.2,8.9,9.26,9.44,9.23,9.1,9.17,9,8.96,8.8,8.84,9.12,8.88,9.04,8.69,9.14,8.99,9.17,9.11,8.93,8.91,8.85,9.37,8.95,9.17,9.02,9.11,9.09,9.11,9.22,9.17,9.25,9.18,9.78,9.74,9.54,8.92,9.34,9.7,9.33,9.7,9.57,9.69,9.74,10.07,9.83,9.76,10.16,10.01,10.27,10.13,10.21,10.35,10.36,10.43,10.32,10.13,10.37,10.32
SWE,Sweden,2.6,2.48,2.65,2.34,2.4,2.26,2.7,2.23,2.82,2.38,2.57,2.48,2.07,2.48,2.38,2.42,2.3,2.35,2.68,2.07,2.01,2.32,2.38,2.41,2.74,2.55,2.57,2.48,2.73,2.73,2.56,2.52,2.6,2.49,2.38,2.89,3,2.9,2.92,3.13,3.02,3.08,2.94,2.71,2.78,3.05,3.17,2.89,3.36,3.13,3.4,3.36,3.28,3.62,3.4,3.82,3.85,3.46,3.96,3.74,3.76,3.82,4.01,4.04,4.22
SWZ,Eswatini,19.87,19.96,20.1,19.89,19.95,20.07,19.87,20.03,20.06,19.82,19.98,20.06,20.03,19.71,19.63,19.8,19.81,19.91,19.98,19.89,19.94,19.91,19.9,19.99,20.02,19.93,20.02,20.02,19.97,19.9,20.14,20.07,20,19.99,20.07,20.03,20.16,20.09,20.24,20.04,20.45,20.24,19.83,19.86,20.12,20.23,20.17,20.3,20.34,20.23,20.42,20.41,20.4,20.34,20.46,20.59,20.44,20.44,20.39,20.36,20.51,20.65,20.66,20.67,20.67
SXM,Sint Maarten (Neth.),25.64,25.65,25.72,25.7,25.72,25.72,25.66,25.69,25.77,25.74,25.72,25.67,25.67,25.67,25.63,25.63,25.67,25.64,25.6,25.58,25.64,25.65,25.66,25.69,25.71,25.59,25.51,25.84,25.7,25.75,25.69,25.71,25.8,25.67,25.7,25.71,25.78,25.76,25.83,25.92,26.05,25.96,25.67,25.77,25.88,25.87,25.99,25.97,25.98,26.03,26.05,26.21,26.11,26.18,26.26,26.19,26.18,26.1,26.22,26.23,26.33,26.26,26.37,26.33,26.31
SYC,Seychelles,25.77,25.82,25.84,25.78,25.72,25.77,25.78,25.8,25.88,25.76,25.86,25.84,25.78,25.57,25.64,25.66,25.73,25.63,25.7,25.78,25.76,25.81,25.83,25.89,25.9,25.74,25.81,25.91,25.9,25.86,25.81,25.9,25.94,25.74,25.87,25.83,25.94,25.9,26,25.96,26.07,26.03,25.69,25.82,25.88,25.9,25.94,26.08,26.18,26.07,26.13,26.28,26.18,26.24,26.3,26.27,26.27,26.26,26.26,26.31,26.32,26.39,26.39,26.4,26.36
SYR,Syrian Arab Republic,18.18,18.42,18.36,18.32,18.24,18.24,18.13,18.39,18.17,18.22,18.25,18.26,18.22,18.18,17.97,17.96,18.04,18,18.09,18.13,18.12,18.11,18.16,18.15,18.12,18.13,18.21,18.09,18.03,18.21,18.24,18.37,18.11,18.06,18.27,18.27,18.48,18.35,18.36,18.42,18.67,18.53,18.1,18.25,18.52,18.59,18.63,18.67,18.72,18.88,18.97,19.02,18.96,19.18,18.99,18.97,19.13,18.95,19.14,19.12,19.19,19.2,19.23,19.28,19.39
TCA,Turks and Caicos Islands (U.K.),25.62,25.56,25.61,25.6,25.6,25.63,25.58,25.59,25.67,25.63,25.58,25.6,25.57,25.47,25.51,25.52,25.54,25.57,25.54,25.55,25.51,25.54,25.58,25.58,25.57,25.5,25.55,25.61,25.6,25.62,25.64,25.63,25.65,25.55,25.56,25.67,25.69,25.66,25.68,25.81,25.88,25.77,25.57,25.62,25.69,25.75,25.83,25.82,25.89,25.9,25.91,25.99,26,26.03,26.05,26,26.07,26.06,26.06,26.11,26.19,26.17,26.14,26.16,26.13
TCD,Chad,26.5,26.65,26.47,26.45,26.55,26.5,26.42,26.59,26.49,26.49,26.61,26.52,26.61,26.17,26.29,26.39,26.43,26.34,26.42,26.37,26.51,26.45,26.56,26.6,26.49,26.46,26.48,26.59,26.53,26.58,26.55,26.65,26.46,26.52,26.62,26.55,26.85,26.69,26.7,26.79,26.93,26.95,26.45,26.53,26.82,26.87,26.84,27.04,26.85,26.99,27.05,27.27,27.21,27.2,27.16,27.18,27.2,27.18,27.25,27.29,27.48,27.59,27.5,27.44,27.57
TGO,Togo,26.75,26.91,26.85,26.87,26.88,26.78,26.77,26.9,26.88,26.86,26.9,26.79,26.84,26.6,26.52,26.71,26.69,26.73,26.78,26.86,26.8,26.8,26.8,26.85,26.78,26.76,26.81,26.92,26.8,26.93,26.9,26.96,26.94,26.88,26.86,26.84,27,26.92,27,26.96,27.12,27,26.71,26.77,26.89,26.95,26.98,27.14,27.08,27.07,27.19,27.32,27.18,27.25,27.27,27.21,27.23,27.26,27.27,27.29,27.37,27.38,27.44,27.47,27.51
THA,Thailand,26.32,26.39,26.43,26.34,26.36,26.45,26.31,26.35,26.46,26.23,26.43,26.44,26.38,26.17,26.16,26.28,26.21,26.16,26.33,26.33,26.33,26.28,26.29,26.51,26.32,26.26,26.32,26.44,26.32,26.44,26.37,26.44,26.42,26.29,26.38,26.3,26.52,26.43,26.45,26.47,26.67,26.48,26.12,26.38,26.55,26.51,26.44,26.64,26.68,26.56,26.64,26.85,26.73,26.67,26.83,26.74,26.82,26.68,26.74,26.85,26.91,26.92,26.94,27.02,26.87
TJK,Tajikistan,-0.63,-0.69,-0.86,-0.97,-0.66,-0.67,-0.94,-0.55,-0.96,-0.65,-0.71,-0.77,-0.69,-1.02,-0.97,-1.03,-1.01,-0.89,-1.22,-0.98,-0.99,-1.04,-0.88,-0.98,-0.81,-0.84,-0.96,-0.85,-0.7,-0.7,-0.56,-0.53,-0.7,-1.11,-0.91,-0.53,-0.68,-0.44,-0.61,-0.41,-0.42,-0.3,-0.76,-0.69,-0.53,-0.32,-0.13,-0.32,-0.2,-0.04,-0.2,-0.06,0.27,0.06,0.14,0.02,0.2,0.22,-0.04,0.11,0.14,0.36,0.37,0.45,0.49
TKL,Tokelau (N.Z.),26.83,26.86,26.88,26.84,26.78,26.78,26.77,26.87,26.89,26.83,26.9,26.89,26.82,26.65,26.65,26.71,26.74,26.77,26.79,26.79,26.77,26.86,26.85,26.91,26.85,26.75,26.82,26.89,26.87,26.98,26.95,26.98,26.92,26.82,26.85,26.95,26.95,26.99,26.96,27.05,27.14,27.1,26.84,26.87,26.91,27,26.99,27.12,27.17,27.15,27.21,27.31,27.28,27.23,27.29,27.21,27.25,27.3,27.3,27.31,27.34,27.39,27.4,27.4,27.37
TKM,Turkmenistan,15.9,15.67,15.61,15.59,15.58,15.69,15.35,15.93,15.48,15.81,15.51,15.67,15.7,15.42,15.42,15.28,15.46,15.51,15.34,15.55,15.21,15.21,15.51,15.58,15.43,15.49,15.44,15.5,15.63,15.74,15.9,15.81,15.77,15.32,15.47,15.94,15.84,15.81,15.82,15.84,16.23,16.12,15.6,15.57,15.89,16.1,16.35,16.34,16.36,16.28,16.36,16.43,16.84,16.48,16.64,16.46,16.61,16.81,16.57,16.72,16.53,16.65,16.79,16.97,16.96
TLS,Timor-Leste,24.53,24.52,24.47,24.49,24.47,24.55,24.52,24.49,24.62,24.5,24.55,24.58,24.51,24.34,24.33,24.42,24.45,24.43,24.45,24.49,24.43,24.5,24.47,24.56,24.55,24.53,24.5,24.55,24.51,24.58,24.6,24.61,24.64,24.52,24.58,24.53,24.61,24.65,24.68,24.65,24.75,24.67,24.37,24.5,24.65,24.63,24.64,24.68,24.73,24.87,24.81,24.9,24.89,24.86,24.9,24.94,24.91,24.88,24.94,24.91,24.96,24.91,25.01,24.99,25.03
TON,Tonga,24.46,24.26,24.4,24.2,24.14,24.32,24.39,24.35,24.31,24.42,24.42,24.47,24.43,24.16,24.09,24.17,24.33,24.36,24.35,24.37,24.35,24.48,24.35,24.43,24.52,24.39,24.37,24.36,24.51,24.52,24.57,24.43,24.52,24.3,24.43,24.45,24.45,24.61,24.62,24.56,24.56,24.54,24.35,24.46,24.52,24.69,24.68,24.62,24.64,24.8,24.69,24.81,24.79,24.8,24.88,24.85,24.96,24.87,24.81,24.89,24.68,24.82,24.89,24.96,24.83
TTO,Trinidad and Tobago,25.93,25.99,26,25.94,26.05,26.06,25.97,25.95,26.09,26.03,26.06,26.02,26.01,25.87,25.88,25.91,25.86,25.9,25.92,26,25.97,26,25.94,26.04,26.03,25.95,25.94,26.09,26.06,26.12,26.06,26.07,26.07,26,26.02,26.02,26.14,26.15,26.2,26.1,26.31,26.26,25.95,26.01,26.11,26.21,26.26,26.29,26.3,26.41,26.39,26.53,26.46,26.5,26.61,26.52,26.53,26.48,26.54,26.57,26.64,26.69,26.69,26.69,26.66
TUN,Tunisia,19.39,19.44,19.44,19.54,19.38,19.56,19.34,19.53,19.53,19.59,19.51,19.41,19.42,19.38,19.29,19.24,19.36,19.38,19.28,19.28,19.27,19.29,19.35,19.43,19.34,19.33,19.34,19.31,19.4,19.48,19.52,19.64,19.56,19.41,19.61,19.33,19.56,19.5,19.56,19.73,19.9,19.88,19.32,19.58,19.7,19.7,19.86,19.81,19.95,20.06,20.2,20.16,20.21,20.18,20.2,20.27,20.28,20.36,20.51,20.38,20.57,20.51,20.45,20.53,20.49
TUR,Türkiye,10.98,11.03,11.1,11.11,10.94,10.91,10.77,10.93,10.83,11.01,10.96,10.94,10.96,10.8,10.79,10.63,10.7,10.76,10.79,10.79,10.67,10.84,10.83,10.91,10.74,10.82,10.8,10.63,10.64,10.79,10.77,11,10.74,10.64,10.96,10.88,11.09,10.95,11.01,11.12,11.41,11.07,10.69,10.86,11.11,11.16,11.46,11.38,11.32,11.59,11.72,11.68,11.6,11.89,11.75,11.64,11.83,11.74,11.98,11.91,12.03,11.96,12.06,12,12.08
TUV,Tuvalu,26.95,26.97,26.97,26.95,26.97,26.91,26.9,26.98,26.93,26.99,27.01,26.99,27.04,26.81,26.72,26.82,26.91,26.88,26.93,26.92,26.9,26.96,27.01,27.09,26.95,26.86,26.98,26.97,27.01,27.04,27.03,27.1,27.05,26.94,26.97,27.02,27.04,27.07,27.05,27.16,27.25,27.22,26.93,26.87,27,27.12,27.12,27.23,27.24,27.3,27.32,27.38,27.35,27.35,27.43,27.34,27.36,27.34,27.4,27.47,27.47,27.48,27.46,27.49,27.43
TWN,China,20.03,20.14,20.12,20.07,20.02,20.05,19.96,20.1,20.12,19.97,20.03,20.11,20.03,20.03,19.83,20.01,19.99,19.91,19.91,20.03,19.97,19.87,19.88,20.07,20.04,20.03,19.8,20.02,19.99,19.97,19.97,19.98,20.1,19.85,20.08,20,20.1,20.08,20.1,20.08,20.22,20.12,19.97,19.99,20.07,20.08,20.12,20.39,20.34,20.31,20.36,20.54,20.46,20.37,20.54,20.46,20.47,20.46,20.41,20.56,20.59,20.6,20.59,20.53,20.5
TZA,Tanzania,22.49,22.58,22.51,22.53,22.53,22.51,22.47,22.5,22.52,22.49,22.61,22.54,22.53,22.26,22.27,22.42,22.42,22.4,22.44,22.48,22.56,22.51,22.51,22.57,22.54,22.5,22.5,22.59,22.53,22.65,22.64,22.7,22.57,22.54,22.57,22.54,22.8,22.73,22.7,22.74,22.81,22.76,22.49,22.48,22.63,22.78,22.83,22.85,22.94,22.89,22.87,23.1,23.01,23.03,23.03,23,23.02,22.99,23.05,23.03,23.1,23.28,23.21,23.12,23.19
UGA,Uganda,22.69,22.76,22.71,22.73,22.76,22.72,22.76,22.78,22.69,22.78,22.79,22.71,22.71,22.55,22.46,22.59,22.58,22.6,22.68,22.7,22.72,22.68,22.76,22.81,22.78,22.8,22.79,22.84,22.7,22.84,22.9,22.92,22.82,22.78,22.78,22.8,22.96,22.93,22.94,22.95,23.03,22.94,22.75,22.71,22.8,22.91,22.99,23.01,23.02,23.07,23.09,23.23,23.22,23.16,23.16,23.18,23.24,23.12,23.23,23.2,23.32,23.39,23.38,23.31,23.44
UKR,Ukraine,8.11,7.83,7.92,8.29,7.98,8.01,7.86,7.61,7.95,8.13,8.16,8.11,7.92,7.88,7.98,7.77,7.82,7.82,7.83,7.88,7.57,7.95,7.66,8.09,7.97,7.6,7.96,7.85,7.95,8.02,7.92,7.67,7.73,7.84,7.84,8.28,8.32,8,8.05,8.32,8.57,8.07,7.74,8.26,8.48,8.44,8.97,8.76,8.73,8.83,9.04,8.88,8.86,9.18,8.87,9.16,9.2,9.2,9.33,9.37,9.5,9.07,9.3,9.37,9.33
UMI,U.S. Minor Outlying Islands,24.91,24.96,24.87,24.85,24.93,24.89,24.85,24.94,24.87,24.92,24.97,24.91,24.84,24.77,24.76,24.79,24.81,24.73,24.8,24.82,24.79,24.8,24.83,24.85,24.84,24.76,24.96,24.81,24.9,24.83,24.89,24.99,24.92,24.78,24.8,24.91,24.87,24.96,25.04,25.09,25.11,25.05,24.86,24.8,24.85,24.97,25.05,25.2,25.26,25.16,25.15,25.19,25.21,25.33,25.26,25.23,25.21,25.31,25.28,25.37,25.31,25.38,25.4,25.35,25.41
URY,Uruguay,17.35,17.38,17.58,17.5,17.34,17.45,17.42,17.44,17.38,17.63,17.4,17.35,17.35,17.19,17.06,17.34,17.37,17.36,17.28,17.49,17.37,17.45,17.4,17.41,17.37,17.28,17.34,17.43,17.51,17.5,17.65,17.67,17.47,17.55,17.53,17.37,17.43,17.53,17.45,17.63,17.57,17.49,17.36,17.43,17.35,17.57,17.52,17.67,17.72,17.67,17.73,17.65,17.73,17.71,17.82,17.67,17.78,17.72,17.79,17.91,17.72,17.85,17.9,17.88,17.96
USA,United States of America,9.43,9.55,9.33,9.43,9.36,9.36,9.61,9.43,9.45,9.4,9.39,9.44,9.27,9.2,8.89,8.98,9.29,9.16,9.03,9.2,9.4,9.44,9.22,9.21,9.29,9.44,9.21,9.4,9.36,9.55,9.43,9.53,9.45,9.15,9.25,9.53,9.45,9.65,9.57,9.55,9.8,9.74,9.27,9.38,9.59,9.71,9.8,9.86,9.93,10.08,10.08,10.17,10.19,10.3,10.34,10.36,10.29,10.33,10.32,10.35,10.59,10.52,10.48,10.53,10.76
UZB,Uzbekistan,12.71,12.42,12.27,12.39,12.35,12.5,12.16,12.72,12.15,12.57,12.23,12.39,12.46,12.21,12.22,11.87,12.2,12.29,11.97,12.26,11.99,11.94,12.22,12.24,12.33,12.22,12.16,12.27,12.36,12.4,12.67,12.58,12.47,12.01,12.06,12.68,12.53,12.63,12.5,12.51,13.01,12.83,12.34,12.37,12.58,12.91,13.24,13.13,13.15,13.01,13.14,13.18,13.75,13.44,13.43,13.35,13.53,13.6,13.36,13.64,13.5,13.5,13.69,13.75,13.74
VAT,Vatican City,15.13,15.11,14.98,15.04,14.83,15.17,14.97,14.94,15.02,15.2,15.03,14.94,14.96,14.92,14.85,14.74,14.74,14.96,14.75,14.81,14.76,14.93,14.83,14.97,14.99,14.86,14.85,14.7,15.01,14.87,14.98,15.06,14.92,14.96,15.04,14.86,14.87,14.91,15.04,15.21,15.43,15.23,14.88,15.05,15.24,15.18,15.28,15.2,15.35,15.45,15.62,15.42,15.45,15.65,15.61,15.75,15.75,15.73,15.78,15.69,15.94,15.81,15.82,15.79,15.78
VCT,Saint Vincent and the Grenadines,25.85,25.9,25.92,25.86,25.95,25.99,25.9,25.89,26.03,25.96,26.02,25.98,25.94,25.82,25.79,25.83,25.77,25.83,25.86,25.87,25.83,25.96,25.83,26,25.95,25.85,25.81,26.05,25.93,25.98,25.94,25.97,25.97,25.92,25.93,25.96,26.02,26.05,26.13,26.05,26.21,26.19,25.87,25.95,26.07,26.1,26.16,26.21,26.2,26.26,26.26,26.43,26.4,26.38,26.52,26.41,26.42,26.33,26.44,26.51,26.51,26.56,26.58,26.59,26.52
VEN,R. B. de Venezuela,25.47,25.48,25.5,25.48,25.51,25.48,25.41,25.49,25.57,25.47,25.56,25.47,25.46,25.23,25.3,25.37,25.46,25.29,25.36,25.47,25.4,25.46,25.42,25.56,25.49,25.3,25.49,25.62,25.53,25.6,25.58,25.63,25.63,25.44,25.55,25.46,25.68,25.63,25.65,25.72,25.98,25.85,25.37,25.54,25.6,25.7,25.78,25.86,25.93,25.86,25.91,26.17,26.03,26.04,26.21,26.08,26.05,26.07,26.15,26.19,26.17,26.21,26.29,26.29,26.27
VGB,British Virgin Islands (U.K.),25.65,25.65,25.73,25.7,25.74,25.76,25.65,25.73,25.78,25.74,25.71,25.66,25.69,25.67,25.63,25.63,25.67,25.63,25.59,25.6,25.63,25.64,25.63,25.69,25.7,25.62,25.51,25.82,25.69,25.76,25.72,25.74,25.78,25.7,25.73,25.74,25.8,25.76,25.83,25.92,26.06,25.97,25.7,25.78,25.87,25.9,25.99,25.98,26.05,26.08,26.07,26.19,26.12,26.2,26.26,26.19,26.19,26.12,26.25,26.22,26.31,26.28,26.37,26.35,26.3
VIR,United States Virgin Islands (U.S.),25.79,25.8,25.86,25.82,25.88,25.87,25.78,25.87,25.91,25.86,25.88,25.79,25.83,25.81,25.77,25.75,25.79,25.75,25.72,25.73,25.78,25.79,25.78,25.85,25.86,25.72,25.64,25.96,25.84,25.89,25.84,25.87,25.92,25.83,25.84,25.88,25.93,25.89,25.98,26.05,26.2,26.08,25.82,25.91,26.02,26.02,26.13,26.12,26.18,26.2,26.19,26.31,26.27,26.33,26.4,26.32,26.31,26.25,26.37,26.33,26.45,26.42,26.49,26.48,26.41
VNM,Vietnam,23.87,23.9,23.94,23.92,23.87,23.96,23.83,23.93,23.96,23.75,23.94,23.97,23.9,23.7,23.68,23.77,23.73,23.71,23.77,23.86,23.79,23.78,23.79,24.02,23.81,23.77,23.8,23.91,23.8,23.9,23.79,23.93,23.86,23.73,23.92,23.82,23.96,23.92,23.93,23.93,24.12,23.92,23.66,23.78,23.98,23.97,23.9,24.19,24.15,24.06,24.17,24.34,24.19,24.18,24.3,24.27,24.27,24.17,24.24,24.36,24.34,24.4,24.4,24.44,24.39
VUT,Vanuatu,24.79,24.77,24.81,24.79,24.75,24.88,24.82,24.82,24.89,24.87,24.84,24.86,24.89,24.68,24.61,24.61,24.76,24.88,24.83,24.85,24.8,24.89,24.84,24.88,24.85,24.9,24.84,24.83,24.9,24.94,24.94,24.94,25.01,24.85,24.93,24.95,25,24.98,25.09,24.96,25.01,25.08,24.82,24.92,25.05,25.08,25.05,25.11,25.15,25.28,25.18,25.23,25.2,25.17,25.31,25.28,25.32,25.32,25.29,25.3,25.24,25.23,25.35,25.44,25.34
WLF,Wallis and Futuna (Fr.),26.52,26.44,26.51,26.46,26.44,26.47,26.45,26.52,26.46,26.52,26.52,26.56,26.46,26.36,26.26,26.35,26.45,26.39,26.46,26.38,26.42,26.5,26.47,26.52,26.51,26.4,26.48,26.5,26.56,26.61,26.6,26.57,26.59,26.39,26.5,26.52,26.56,26.6,26.62,26.64,26.72,26.7,26.45,26.48,26.56,26.67,26.68,26.71,26.77,26.8,26.81,26.83,26.86,26.8,26.88,26.84,26.94,26.94,26.87,26.94,26.91,26.96,27,27.08,26.93
WSM,Samoa,25.35,25.29,25.34,25.28,25.28,25.28,25.23,25.31,25.31,25.34,25.35,25.36,25.28,25.2,25.06,25.17,25.28,25.21,25.29,25.25,25.22,25.33,25.3,25.29,25.35,25.21,25.3,25.32,25.33,25.4,25.45,25.41,25.4,25.24,25.33,25.35,25.37,25.45,25.42,25.46,25.58,25.52,25.22,25.31,25.36,25.45,25.49,25.5,25.59,25.62,25.63,25.69,25.66,25.65,25.65,25.6,25.75,25.8,25.69,25.73,25.73,25.76,25.79,25.86,25.77
YEM,Republic of Yemen,24.7,24.64,24.66,24.62,24.62,24.76,24.69,24.71,24.82,24.75,24.81,24.73,24.76,24.57,24.52,24.56,24.56,24.58,24.6,24.71,24.75,24.68,24.75,24.76,24.79,24.65,24.73,24.88,24.79,24.79,24.87,24.86,24.91,24.63,24.79,24.79,24.89,24.88,25.04,24.99,25.16,25.06,24.66,24.85,24.95,25.05,25.1,25.27,25.21,25.26,25.24,25.42,25.38,25.44,25.35,25.4,25.39,25.42,25.37,25.51,25.57,25.68,25.73,25.7,25.68
ZAF,South Africa,17.67,17.74,17.85,17.62,17.66,17.86,17.63,17.88,17.77,17.66,17.74,17.89,17.78,17.3,17.33,17.53,17.65,17.61,17.65,17.69,17.67,17.73,17.64,17.81,17.75,17.73,17.75,17.85,17.78,17.79,17.96,17.88,17.91,17.72,17.83,17.84,17.93,17.97,18.05,17.89,18.07,18.18,17.54,17.69,17.85,17.9,17.95,18.11,18.14,18.11,18.32,18.21,18.33,18.28,18.36,18.42,18.44,18.2,18.33,18.37,18.42,18.33,18.56,18.65,18.56
ZMB,Zambia,21.75,21.78,21.8,21.74,21.83,21.88,21.66,21.88,21.86,21.89,21.9,21.84,21.85,21.46,21.52,21.73,21.58,21.63,21.72,21.81,21.91,21.8,21.79,21.85,21.91,21.84,21.82,21.85,21.78,21.92,21.94,21.98,21.86,21.85,21.9,21.75,22.01,22.04,22.05,22.05,22.2,22.08,21.74,21.75,21.99,22.06,22.07,22.17,22.35,22.2,22.31,22.47,22.44,22.44,22.47,22.38,22.3,22.39,22.46,22.43,22.42,22.49,22.6,22.6,22.6
ZWE,Zimbabwe,21.03,21.14,21,20.99,21.08,21.22,20.91,21.19,21.18,21.16,21.26,21.07,21.14,20.68,20.79,21.03,20.77,20.98,21.05,21.15,21.13,21.1,21.17,21.14,21.2,21.14,21.07,21.1,21.03,21.2,21.22,21.23,21.02,21.12,21.11,21.09,21.27,21.32,21.36,21.38,21.55,21.29,21.05,20.96,21.34,21.34,21.36,21.41,21.65,21.43,21.68,21.72,21.81,21.77,21.84,21.77,21.61,21.71,21.75,21.61,21.77,21.69,21.82,22.02,21.91
