code,year,1. Mean air temperature,"10. PM2.5 air pollution, mean annual exposure (micrograms per cubic meter)",11. Arable land (hectares),12. Livestock production index (2014-2016 = 100),13. Population,14. Employment in agriculture (% of total employment) (modeled ILO estimate),"15. GDP per capita, PPP (current international $)",16. Population living in slums (% of urban population),2. Energy use in agriculture,3. Land area,4. Agriculture land area (% of land area),5. Average precipitation (mm),6. Permanent cropland (% of land area),7. Fertilizer consumption (kilograms per hectare of arable land),"8. Annual freshwater withdrawals, total (billion cubic meters)",9. Fertilizer consumption (kilograms per hectare of arable land)
AFG,2006,12.37,61.51464943,7794000.0,84.74,25442944.0,60.87190568,1121.00333345163,63.6,216.0,652230.0,58.12366803,361.07,1.838,3.190854503,20.282,3.190854503
AFG,2008,12.2,54.19114381,7794000.0,91.41,26427199.0,59.00253992,1336.54439522081,63.6,360.0,652230.0,58.13286724,355.8,0.808,1.851684629,20.282,1.851684629
AFG,2010,12.47,49.67937703,7793000.0,98.06,28189672.0,54.34941986,1771.45142820424,64.80761,432.0,652230.0,58.13440044,360.14,1.664,1.777859618,20.282,1.777859618
AFG,2012,12.55,70.92231651,7790000.0,101.31,30466479.0,50.41668839,1994.5352769908,67.24795,360.0,652230.0,58.12980084,377.39,0.271,2.377852375,20.282,2.377852375
AFG,2014,12.75,77.14372755,7771000.0,104.27,32716210.0,44.79859397,2229.67953873833,69.68829,540.0,652230.0,58.12366803,369.87,0.521,10.16611247,20.282,10.16611247
ALB,2000,12.67,22.26518857,578000.0,80.43,3089027.0,49.91958952,3861.30856837761,28.1,630.0,27400.0,41.75182482,1200.7,1.084,32.35294118,1.8378,32.35294118
ALB,2002,12.41,22.48278512,578000.0,84.53,3051010.0,48.14332799,4751.82123659259,25.5,712.8,27400.0,41.60583942,1246.87,0.519,97.58477509,1.66312,97.58477509
ALB,2004,12.48,22.67592295,578000.0,90.87,3026939.0,47.60078757,5427.79655580022,23.0,169.2,27400.0,40.94890511,1327.14,0.472,101.3073356,1.48844,101.3073356
ALB,2006,12.6,22.5109696,584000.0,89.74,2992547.0,46.35776043,6566.49056716277,20.5,82.8,27400.0,40.87591241,1260.8,0.39,85.80246575,1.27242,85.80246575
ALB,2008,12.78,21.48066857,610000.0,85.72,2947314.0,44.65603252,8228.13188671656,17.9,343.476,27400.0,43.10218978,1305.58,1.043,77.3097377,1.22306,77.3097377
ALB,2010,12.85,20.81411047,626000.0,89.69,2913021.0,42.08440843,9626.66489321844,15.4,376.74,27400.0,43.84306569,1261.37,1.261,85.02392971,1.1737,85.02392971
ALB,2012,12.72,20.96272041,619100.0,96.58,2900401.0,45.99563111,10525.7225348883,12.9,502.308,27400.0,43.84306569,1323.86,1.546,93.0615571,1.12434,93.0615571
ALB,2014,12.83,19.36794422,615600.0,98.23,2889104.0,42.25706281,11258.4572796244,10.3,665.784,27400.0,42.85729927,1301.69,1.285,88.38580247,1.07498,88.38580247
ARG,2000,15.09,17.42603648,27640000.0,85.94,37070774.0,11.89439401,11544.408971054,20.29188,1713.6,2736690.0,46.95818671,800.77,-0.249,31.22225036,30.366725,31.22225036
ARG,2002,15.15,16.92351427,27862000.0,76.31,37885028.0,11.94594555,9991.38212425664,19.56624,1760.4,2736690.0,47.0312677,826.78,0.208,30.2339387,31.69792045,30.2339387
ARG,2004,15.2,16.34266265,31794400.0,89.16,38668796.0,11.12469947,12163.7828857743,18.84059,2707.2,2736690.0,47.31869521,824.78,0.404,43.85640239,33.02911591,43.85640239
ARG,2006,15.18,15.58776752,35582500.0,95.2,39476851.0,10.16673943,14898.1981668952,18.11494,3261.6,2736690.0,47.55339479,798.43,0.509,40.56342303,34.36031136,40.56342303
ARG,2008,15.26,14.50436528,35636300.0,98.44,40273769.0,9.486493352,17341.267103698,17.3893,2631.6,2736690.0,46.42356277,811.51,0.504,34.84410559,35.69150682,34.84410559
ARG,2010,15.22,13.92798315,38003100.0,91.9,40788453.0,8.931453465,18066.4991325769,16.66365,3135.6,2736690.0,46.13891234,807.09,0.045,39.15801606,37.02270227,39.15801606
ARG,2012,15.29,13.35716185,39622900.0,95.99,41733271.0,8.366416545,19629.898037089,15.93801,3769.2,2736690.0,45.58130442,794.22,0.736,34.64067496,37.69,34.64067496
ARM,2000,6.82,27.49864555,450000.0,57.4,3168523.0,55.91064047,2572.73793698691,12.79599,1713.6,28470.0,46.46996839,837.16,1.1,15.55555556,1.871,15.55555556
ARM,2002,6.78,27.48480266,455000.0,58.5,3105037.0,55.2033356,3382.28439125269,12.30696,828.0,28470.0,48.85844749,883.24,1.199,34.52307692,1.732,34.52307692
ARM,2004,6.83,27.67533861,455000.0,66.56,3065745.0,54.1210463,4518.79971144599,11.81793,939.6,28470.0,52.86266245,875.82,1.142,31.65054945,2.503,31.65054945
ARM,2006,6.86,28.40405947,452900.0,75.54,3026486.0,53.061757,6274.64506162179,11.3289,817.2,28470.0,61.69301019,916.81,1.635,127.8438949,2.827,127.8438949
ARM,2008,6.83,30.45475588,450400.0,82.67,2983421.0,52.37263056,8099.32935503981,10.83987,802.8,28470.0,61.42606252,875.33,0.875,54.15253108,2.873,54.15253108
ARM,2010,6.88,34.44701668,448500.0,80.67,2946293.0,52.7911553,7332.43556130171,10.35084,453.6,28470.0,60.94134176,882.74,2.772,66.0548495,2.126,66.0548495
ARM,2012,7.27,43.28961483,448400.0,81.81,2914421.0,52.56649875,9279.17540037906,9.86181,496.8,28470.0,59.11485774,858.8,1.285,129.4081178,2.941,129.4081178
ARM,2014,7.04,38.63923761,447500.0,94.63,2889930.0,52.33915487,10153.5556108742,9.37278,619.2,28470.0,59.03407095,867.61,1.236,118.6884916,2.86,118.6884916
AUT,2000,6.77,19.15057389,1399000.0,92.54,8011566.0,6.050783171,29379.7422969788,4.5,3052.8,82520.0,35.63015027,1224.6,1.774,161.1386705,3.636,161.1386705
AUT,2002,6.5,18.77850993,1385000.0,92.96,8081957.0,5.758687672,31178.6933297272,4.4,3175.2,82520.0,35.16965584,1241.12,1.542,162.3263538,3.577,162.3263538
AUT,2004,6.73,18.43434851,1379300.0,91.54,8171966.0,4.950238747,33774.7873879307,4.4,3171.6,82520.0,34.74793989,1239.02,0.84,137.5175814,3.55525,137.5175814
AUT,2006,6.92,17.80247062,1377200.0,91.1,8268641.0,5.244476017,37661.922416092,4.4,3535.2,82520.0,34.45588948,1177.2,0.919,130.2708394,3.5335,130.2708394
AZE,2000,12.37,19.77333822,1825600.0,51.76,8048600.0,41.00958383,3382.08308668081,50.94,2890.8,82605.0,57.38635676,599.27,1.088,2.245836985,10.99,2.245836985
AZE,2002,12.41,19.41070059,1837300.0,56.78,8171950.0,40.18517883,4160.21616652063,44.93667,2347.2,82618.0,57.43179452,632.3,1.43,10.43378871,9.919,10.43378871
AZE,2004,12.37,19.18176491,1840700.0,62.91,8306500.0,39.53688356,5160.47262532578,38.93333,1753.2,82672.0,57.51524095,624.29,1.323,11.9747922,11.175,11.9747922
AZE,2006,12.44,19.43435503,1841300.0,66.84,8484550.0,39.54691853,9244.40645520997,32.93,1836.0,82637.0,57.55291213,639.17,1.524,13.33894531,12.144,13.33894531
AZE,2008,12.5,20.67275929,1860200.0,72.3,8763400.0,39.59321026,12972.4427129521,26.92667,2304.0,82627.0,57.56834933,634.8,0.882,20.9375336,11.53,20.9375336
AZE,2010,12.43,23.12017567,1884100.0,86.19,9054332.0,38.22997535,14680.8741446231,26.92667,2397.6,82656.0,57.67034456,618.36,2.328,9.954885622,10.97,9.954885622
AZE,2012,12.71,29.18058784,1896800.0,91.84,9295784.0,37.65333448,15994.1466501836,26.92667,3196.8,82658.0,57.68709623,617.77,1.421,19.07650253,11.975,19.07650253
BDI,2002,20.67,29.99535313,986000.0,50.61,6648938.0,91.23835296,559.149379496476,79.7,19.362,25680.0,71.41744548,2105.96,0.774,1.343813387,0.28484,1.343813387
BDI,2004,20.64,29.41253464,985000.0,46.12,7120496.0,90.92750816,566.158907618371,77.04306,13.8041,25680.0,71.96261682,2112.48,1.016,1.111675127,0.28168,1.111675127
BEN,2000,27.79,60.59595987,2380000.0,68.86,6998023.0,51.91270012,1724.75930486217,71.86569,6.535,112760.0,28.33451579,1096.52,0.494,14.78991597,0.133348214,14.78991597
BEN,2002,27.77,55.05375246,2550000.0,72.66,7431783.0,50.4568384,1858.88991172543,71.47241,8.1565,112760.0,29.8421426,1125.1,0.762,16.36666667,0.13,16.36666667
BEN,2004,27.84,46.44775444,2650000.0,78.61,7894554.0,49.16375214,1979.52812470256,71.07914,8.9263,112760.0,30.74671869,1098.55,0.783,0.054716981,0.13,0.054716981
BEN,2006,27.85,44.70142445,2500000.0,80.17,8402631.0,48.08934033,2090.48976913831,70.68586,10.0564,112760.0,29.62043278,1155.77,1.108,0.0132,0.13,0.0132
BEN,2008,27.88,44.69921775,2500000.0,75.36,8906469.0,46.29375015,2295.44360110535,70.29258,12.2511,112760.0,31.48279532,1123.23,0.702,0.3204,0.13,0.3204
BEN,2010,28.03,44.84968358,2500000.0,83.68,9445710.0,45.16624213,2303.01728563462,69.89931,13.9873,112760.0,32.36963462,1144.0,1.283,9.134,0.13,9.134
BEN,2012,28.03,51.56281882,2600000.0,92.49,10014078.0,41.69137594,2435.94851269195,69.50603,14.4295,112760.0,33.25647393,1162.47,0.643,10.29041923,0.13,10.29041923
BEN,2014,28.12,42.01125969,2700000.0,97.43,10614844.0,37.546498,2774.85895261323,69.11276,15.9527,112760.0,35.03015254,1143.4,0.995,8.086548148,0.13,8.086548148
BFA,2000,28.68,62.37508081,4091000.0,63.65,11882888.0,85.4136946,899.695717382678,82.21152,11.16,273600.0,37.14546784,638.95,0.541,8.29210462,0.648,8.29210462
BFA,2002,28.75,62.22401481,4283000.0,69.84,12632269.0,84.04948304,977.7332907384,76.64539,16.56,273600.0,37.86915205,661.72,1.022,0.469297222,0.716,0.469297222
BFA,2004,28.77,61.86432418,4474000.0,82.78,13445977.0,82.41900235,1083.37804991805,71.07927,22.68,273600.0,38.63669591,653.67,0.882,12.89383102,0.784,12.89383102
BFA,2006,28.78,61.43723191,4665000.0,89.1,14316242.0,80.60622357,1248.99582984499,65.51314,15.84,273600.0,39.4371345,674.84,1.18,13.50482315,0.818,13.50482315
BFA,2008,28.83,60.59497088,4857000.0,95.49,15197915.0,79.85509365,1356.71129222694,59.94701,15.0588,273600.0,40.20285088,663.33,0.326,11.77825818,0.818,11.77825818
BFA,2010,28.91,58.94725464,5048000.0,101.07,16116845.0,79.10579711,1454.78688503304,54.38089,37.8,273600.0,41.08918129,679.65,1.288,11.20661648,0.818,11.20661648
BFA,2012,28.95,61.76290447,5239000.0,101.06,17113732.0,78.2468463,1577.21692499292,48.81476,45.0,273600.0,42.1747076,696.02,0.511,15.53766559,0.818,15.53766559
BFA,2014,29.06,49.91956418,5430000.0,101.32,18169842.0,77.2979574,1666.7688641619,43.24863,50.4,273600.0,43.31140351,656.72,0.939,17.54779742,0.818,17.54779742
BGD,2008,25.6,46.43595425,7803000.0,60.65,145421318.0,47.70771289,2626.06271790411,55.73415,3322.8,130170.0,71.08396712,2246.93,0.213,200.0640779,35.87,200.0640779
BGD,2010,25.8,42.1588187,7791000.0,60.74,148391139.0,47.3063798,2906.46775125757,55.08999,1263.6,130170.0,70.99177998,2152.24,0.89,212.9639327,35.87,212.9639327
BGD,2012,25.85,65.16383893,7670000.0,71.61,152090649.0,45.89584548,3501.55557376082,54.44584,4586.4,130170.0,70.0852731,2187.17,0.351,260.4432855,35.87,260.4432855
BGD,2014,25.83,68.32836451,7669000.0,94.13,155961299.0,44.36760429,4023.54114557771,53.80168,5234.4,130170.0,71.59867865,2180.4,0.611,279.2202373,35.87,279.2202373
BIH,2000,10.26,36.89831526,1000000.0,61.63,4179350.0,19.64530753,4127.61381175111,5.1,111.988,51200.0,41.6015625,1239.95,1.57,41.8,0.3718,41.8
BIH,2002,9.96,37.91918642,997000.0,57.95,4198410.0,19.03589071,4743.39153645476,5.1,129.7226,51200.0,41.46484375,1269.42,1.196,32.69809428,0.3755,32.69809428
BIH,2004,10.17,38.86471233,1028000.0,75.14,4142860.0,19.75886726,5405.64767017935,5.1,141.3036,51200.0,42.37109375,1254.89,0.644,58.1793677,0.379,58.1793677
BIH,2006,10.42,38.63295094,1027000.0,91.57,4058086.0,20.53928617,6879.2536699124,4.9,148.4319,51200.0,42.16796875,1209.28,0.654,42.19190847,0.3804,42.19190847
BIH,2008,10.5,36.57979392,1008000.0,106.11,3943392.0,20.57950476,8595.60001264752,4.7,190.8,51200.0,41.6015625,1239.84,1.447,59.18871032,0.3919,59.18871032
BIH,2010,10.67,35.25128056,1004000.0,108.9,3811088.0,19.69394044,9087.25971019195,4.5,320.4,51200.0,41.875,1206.64,1.031,81.52988048,0.4354,81.52988048
BIH,2012,10.4,35.50467113,1003000.0,110.24,3674374.0,20.55817375,10108.8832326176,4.3,324.0,51200.0,42.109375,1227.85,1.827,120.7439781,0.4377,120.7439781
BIH,2014,10.58,32.4817989,1006000.0,99.28,3571068.0,17.07912161,11147.5624946393,4.0,190.8,51200.0,42.12890625,1284.3,1.896,120.0344036,0.4124,120.0344036
BLR,2000,7.01,27.80033759,6133000.0,62.19,9979610.0,19.27978576,5802.47334124907,17.5584,6660.0,202848.0,45.61050639,759.06,1.929,131.2571335,1.837,131.2571335
BLR,2002,6.93,25.37088644,5616000.0,64.48,9865548.0,17.9286981,6705.03647172701,16.03017,5677.2,202829.0,44.4956096,783.82,1.881,135.9864672,1.7846,135.9864672
BLR,2004,6.69,22.47739871,5548000.0,66.61,9730146.0,16.55018416,8492.90403784145,14.50194,4957.2,202815.0,44.16340014,768.5,0.921,146.9178082,1.7322,146.9178082
BLR,2006,7.18,21.55566149,5540000.0,78.86,9604924.0,15.18494546,11007.5380432626,12.97371,5551.2,202904.0,44.14895714,735.92,0.641,231.967509,1.6744,231.967509
BLR,2008,7.33,21.36451639,5516000.0,83.31,9527985.0,13.93395188,13902.4744631935,11.44548,5158.8,202902.0,43.94732432,762.76,2.244,237.4184191,1.6112,237.4184191
BLR,2010,7.53,20.93660644,5535000.0,92.13,9483836.0,12.77851908,15364.0298436357,9.91726,5666.4,202902.0,43.85368306,732.77,1.438,270.4607046,1.548,270.4607046
BLR,2012,7.2,18.06753962,5522000.0,96.23,9446836.0,11.73378394,18114.7508606708,8.38903,5680.8,202899.0,43.35161829,754.68,1.531,271.386092,1.525333333,271.386092
BLR,2014,7.5,19.39747138,5662100.0,95.47,9448515.0,10.70444241,19037.8209530599,6.8608,5623.2,202973.0,42.48791711,748.73,2.143,215.2245633,1.571,215.2245633
BLZ,2000,25.8,27.2006761,64000.0,51.8,240406.0,26.09591363,7525.90520715514,15.8,5.4685,22810.0,6.532222709,1531.73,0.105,95.9375,0.101,95.9375
BLZ,2002,25.77,26.52027767,70000.0,80.4,255987.0,23.34299769,8121.8152056602,15.76133,6.6677,22810.0,6.663743972,1589.02,0.652,367.7285714,0.101,367.7285714
BLZ,2004,25.82,25.27578777,70000.0,86.56,272128.0,20.77102907,9193.12074391305,15.75733,7.8909,22810.0,6.663743972,1548.22,0.638,78.65714286,0.101,78.65714286
BLZ,2006,25.73,24.25890025,70000.0,77.61,288729.0,19.34265509,9841.03274285305,15.75333,8.6104,22810.0,6.663743972,1575.6,0.569,89.25714286,0.101,89.25714286
BLZ,2008,25.76,23.16833902,70000.0,74.73,305671.0,18.92181364,9897.56330243583,15.74933,9.7617,22810.0,6.663743972,1635.93,0.469,49.75714286,0.101,49.75714286
BLZ,2010,25.97,22.625055,75000.0,79.11,322106.0,18.47696105,9640.29707439247,15.74533,39.349,22810.0,6.882946076,1578.91,0.733,58.01333333,0.101,58.01333333
BLZ,2012,25.93,23.70910477,78000.0,82.89,337059.0,18.042739,9145.72688146158,15.74133,41.0209,22810.0,7.014467339,1582.69,0.533,140.0705128,0.101,140.0705128
BLZ,2014,25.95,26.76633079,78000.0,95.44,352335.0,17.67086526,9340.36211596258,15.73733,43.452,22810.0,7.014467339,1539.09,0.698,374.2176923,0.101,374.2176923
BRA,2000,25.42,15.57238156,45448000.0,61.22,175873720.0,15.37211462,8995.8518938603,34.73978,46281.6,8358140.0,27.31750126,1790.38,0.538,144.5168104,56.11,144.5168104
BRA,2002,25.53,15.51760079,46602000.0,67.54,180476685.0,15.40771577,9511.45399125227,31.43266,46519.2,8358140.0,27.3423154,1775.08,1.082,164.9112959,56.75,164.9112959
BRA,2004,25.66,15.4163508,47756000.0,75.66,184722043.0,16.04345396,10409.0762534616,28.12555,53622.0,8358140.0,27.36712953,1739.71,0.824,229.8192818,57.39,229.8192818
BRA,2006,25.48,15.25038635,48914000.0,81.13,188820682.0,14.49595026,11615.6404617041,24.81844,59101.2,8358140.0,27.39257777,1806.5,0.831,184.5780106,58.03,184.5780106
BRA,2008,25.62,14.93513267,50159000.0,87.42,192672317.0,12.70535301,13284.3946898934,21.51132,66229.2,8358140.0,27.56505634,1780.59,0.731,214.677601,66.401,214.677601
BRA,2010,25.72,14.92749218,51405000.0,90.64,196353492.0,11.46630929,14256.5594677776,18.20421,63705.6,8358140.0,27.73753491,1746.99,1.134,202.7967653,74.77075,202.7967653
BRA,2012,25.9,14.60074141,52650000.0,94.47,199977707.0,9.848148544,14962.368438953,14.8971,83764.8,8358140.0,27.91001347,1755.23,1.067,230.132479,69.8605,230.132479
BRA,2014,25.84,13.79164878,53895000.0,99.96,203459650.0,9.306502158,15564.8009999636,14.8971,95691.6,8358140.0,28.08249204,1760.97,1.205,285.0605357,65.022,285.0605357
BWA,2000,22.35,19.72053722,350000.0,100.8,1726985.0,19.95555468,8923.46988866842,58.69239,380.7529,566730.0,45.79076456,427.46,-0.374,13.14285714,0.194,13.14285714
BWA,2010,22.48,22.34003048,259000.0,131.71,2091664.0,23.8862048,12141.4868274689,48.07927,563.9294,566730.0,45.63195878,454.98,1.395,83.12741313,0.196909091,83.12741313
BWA,2012,22.56,22.70255377,285000.0,134.5,2175425.0,21.72864359,12091.6876300234,45.95664,600.5647,566730.0,45.67783601,420.32,0.988,54.83508772,0.1944,54.83508772
BWA,2014,22.56,21.10215117,402000.0,100.97,2260376.0,19.29717405,14417.0132080037,43.83402,637.2,566730.0,45.88428352,468.27,0.416,57.84328358,0.1879,57.84328358
CAF,2000,26.3,34.10890181,1870000.0,67.92,3759170.0,76.03586027,652.474184934689,85.96516,16.5079,622980.0,7.948890815,1428.31,0.597,0.320855615,0.0662,0.320855615
CAF,2002,26.44,33.50162558,1870000.0,70.39,3930648.0,75.50639088,701.386610286808,83.12315,15.7976,622980.0,7.948890815,1444.06,0.722,0.042122995,0.06872,0.042122995
CAF,2004,26.35,32.56141147,1870000.0,74.34,4115138.0,75.67600279,703.460792600702,80.28114,21.8407,622980.0,7.937654499,1449.93,0.932,0.069475936,0.07124,0.069475936
CAF,2006,26.4,32.42908325,1870000.0,78.59,4294352.0,75.13013302,757.692817042015,77.43913,21.7645,622980.0,7.92962856,1476.7,0.968,0.228893048,0.0725,0.228893048
CAF,2008,26.39,32.72985047,1870000.0,84.59,4467233.0,74.54695355,814.035529556603,74.59712,19.0753,622980.0,7.92962856,1450.55,0.52,0.213518717,0.0725,0.213518717
CAF,2010,26.49,33.2644237,1834000.0,90.53,4660067.0,73.37279522,902.910764420659,71.75511,21.0086,622980.0,7.876657357,1470.83,1.019,0.294258451,0.0725,0.294258451
CAF,2012,26.6,36.12711803,1800000.0,97.35,4773306.0,72.36759559,1025.92093865984,68.9131,30.034,622980.0,7.833317281,1487.39,0.233,0.281838889,0.0725,0.281838889
CAF,2014,26.65,31.91562444,1800000.0,99.85,4798734.0,73.48399033,673.393560977092,68.9131,23.2693,622980.0,7.876657357,1457.74,0.614,0.005994444,0.0725,0.005994444
CHL,2000,9.03,28.06341387,1750000.0,74.88,15351799.0,14.43746993,9468.31876647394,14.616,568.8,743532.0,20.32192293,1444.15,-0.379,275.4285714,28.93662857,275.4285714
CHL,2002,9.13,27.56663367,1650000.0,78.36,15693790.0,13.49798017,10239.3852879029,10.97,723.6,743532.0,20.933867,1447.28,-0.073,288.5012121,31.08953571,288.5012121
CHL,2004,9.13,26.69875218,1500000.0,83.97,16017966.0,13.14837962,11735.1761702174,7.324,486.0,743532.0,21.43149185,1482.17,0.349,379.1406667,33.20714286,379.1406667
CHL,2006,9.16,25.43132188,1350000.0,95.76,16334575.0,12.29993745,15676.5834282108,7.3,651.6,743532.0,21.24992603,1481.41,0.335,377.3933333,35.36,377.3933333
CHL,2008,9.21,23.25030965,1265993.0,100.14,16661462.0,11.392609,16550.4489137323,7.3,676.8,743532.0,20.66551809,1470.24,0.26,486.5595623,35.368,486.5595623
CIV,2000,26.77,52.79129238,2800000.0,66.75,16799670.0,51.67495317,3203.34658837138,67.07658,194.4,318000.0,61.63522013,1336.89,0.534,23.96428571,1.4088,23.96428571
CIV,2002,26.79,51.56637072,2800000.0,70.35,17683897.0,51.56165918,3007.55650629758,65.53594,151.2,318000.0,61.63522013,1336.59,0.925,31.01892857,1.46496,31.01892857
CIV,2004,26.85,49.03913686,2800000.0,75.21,18544903.0,50.91282125,2952.39209260879,63.9953,151.2,318000.0,62.89308176,1322.96,0.884,27.21892857,1.52112,27.21892857
CIV,2006,26.83,46.47958448,2800000.0,76.58,19394057.0,49.96613728,3116.67755044392,62.45466,151.2,318000.0,63.83647799,1373.57,1.058,22.7725,1.506177778,22.7725
CIV,2008,26.85,43.26503422,2900000.0,81.7,20244449.0,48.92987264,3311.30297779937,60.91402,288.0,318000.0,64.77987421,1333.98,0.852,18.21172414,1.418566667,18.21172414
CIV,2010,26.96,41.59529794,2900000.0,87.8,21120042.0,47.42931889,3578.21892074988,59.37338,511.2,318000.0,64.77987421,1332.55,1.369,32.08586207,1.333044444,32.08586207
CIV,2012,27.04,51.35588903,3000000.0,92.97,22010712.0,46.36467969,3508.45783399594,57.83274,418.1143,318000.0,65.09433962,1364.45,0.758,26.02111667,1.248044444,26.02111667
CIV,2014,27.06,38.93233491,3500000.0,97.83,22995555.0,44.37423868,4345.61667514674,56.2921,534.3429,318000.0,67.13836478,1344.1,0.931,35.12064571,1.162,35.12064571
CMR,2000,24.96,45.77654483,5960000.0,65.02,15091594.0,66.64716593,2083.49106023577,65.3638,161.64,472710.0,19.37763111,1820.06,0.387,7.732214765,0.9664,7.732214765
CMR,2002,25.06,44.01346907,5960000.0,66.53,15914033.0,65.042353,2236.24884162707,62.0946,178.56,472710.0,19.37763111,1810.42,0.761,9.768624161,1.0152,9.768624161
CMR,2004,25.06,41.06212124,5960000.0,70.51,16809407.0,62.89529923,2502.67647447024,58.8254,195.48,472710.0,19.4834042,1832.61,0.845,11.06275168,1.064,11.06275168
CMR,2006,25.08,39.90400055,5963000.0,74.37,17751333.0,60.97029383,2673.82607491404,55.55619,212.4,472710.0,19.48975059,1833.88,1.057,9.032198558,1.0884,9.032198558
CMR,2008,25.11,39.45917971,5963000.0,81.96,18777081.0,58.25167559,2839.40475909144,52.28699,190.8,472710.0,19.59552368,1819.66,0.694,6.557437531,1.0884,6.557437531
CMR,2010,25.18,39.04237906,6200000.0,77.68,19878036.0,54.98857156,2883.16319674876,49.01779,216.0,472710.0,20.51998054,1850.49,1.215,9.239032258,1.0884,9.239032258
CMR,2012,25.32,41.85374145,6200000.0,75.96,21032684.0,51.37475836,3027.17971978022,45.74859,252.0,472710.0,20.62575363,1868.14,0.392,10.33573387,1.0884,10.33573387
CMR,2014,25.29,37.00906903,6200000.0,91.08,22299585.0,47.61303562,3385.47635257667,42.47939,280.8,472710.0,20.62575363,1846.15,0.774,9.621035484,1.0884,9.621035484
COG,2000,25.26,26.87443508,490000.0,42.8,3134030.0,43.78951114,3687.68679156273,87.80583,41.1078,341500.0,30.86383602,1653.79,0.362,10.20408163,0.0452,10.20408163
COG,2004,25.38,28.16841612,490000.0,54.61,3543012.0,41.12385674,4016.90677142095,84.68995,47.0652,341500.0,30.87847731,1687.0,0.841,2.651020408,0.046,2.651020408
COG,2006,25.36,28.14079494,490000.0,68.32,3813323.0,38.87845251,4617.08901255599,78.45821,53.7226,341500.0,30.89311859,1683.58,0.769,0.053061224,0.046,0.053061224
COG,2008,25.43,27.47455888,490000.0,79.17,4089602.0,38.03658385,4474.34538666009,72.22646,54.2139,341500.0,30.89311859,1653.6,0.716,0.746938776,0.046,0.746938776
COG,2010,25.47,27.041466,510000.0,89.8,4437884.0,35.57117814,5153.25507016527,65.99471,70.4988,341500.0,30.96925329,1701.32,1.213,0.541176471,0.046,0.541176471
COG,2012,25.6,28.54475823,530000.0,102.74,4713257.0,33.73466615,6093.01632213302,59.76296,142.4369,341500.0,31.04538799,1701.66,0.574,2.247981132,0.046,2.247981132
COG,2014,25.51,27.80599592,550000.0,92.96,4944861.0,32.41986594,5769.14806736445,53.53121,149.6394,341500.0,31.11859444,1692.71,0.78,1.885836364,0.046,1.885836364
COL,2000,24.39,25.36371802,2818000.0,70.61,39215135.0,20.32072526,6754.29733112748,21.17683,4644.0,1109500.0,40.431726,3344.64,0.0,233.5699077,7.746,233.5699077
COL,2002,24.5,23.92935361,2211000.0,72.17,40454050.0,20.13551921,7086.09024457571,19.83238,4687.2,1109500.0,37.50067598,3362.07,0.706,323.9057259,8.75125,323.9057259
COL,2004,24.6,21.88874213,2238000.0,75.32,41648268.0,19.91201809,7889.38757273367,18.48794,4676.4,1109500.0,38.20730059,3406.25,0.638,364.0270777,9.7565,364.0270777
COL,2006,24.5,20.60039193,1904600.0,84.84,42772910.0,19.50452187,9136.57718441304,17.14349,3189.6,1109500.0,38.01171699,3400.64,0.599,418.9241783,10.76175,418.9241783
COL,2008,24.57,19.60512884,1830000.0,94.27,43815313.0,18.04762595,10293.7728150235,15.79905,3218.4,1109500.0,38.40829202,3408.85,0.356,404.2460929,11.77,404.2460929
COL,2010,24.67,19.16428992,1763000.0,85.57,44816108.0,18.5422274,10831.7448244597,14.4546,6350.4,1109500.0,38.30824696,3396.23,1.034,477.4633069,15.81808687,477.4633069
COL,2012,24.76,18.14308603,1543000.0,94.3,45782417.0,17.60657075,12075.481764005,13.11016,7642.8,1109500.0,38.41153673,3431.69,0.711,600.543545,19.87317375,600.543545
COL,2014,24.71,18.33821148,1496000.0,98.52,46677947.0,16.43590224,13323.1690837161,11.76571,1971.4284,1109500.0,40.3785489,3383.75,0.821,722.0160695,23.92826062,722.0160695
DOM,2000,24.43,19.0738113,898000.0,66.98,8540791.0,15.60233468,6698.34689822214,30.15546,4622.4,48310.0,52.05961499,1022.46,0.548,102.110245,4.865,102.110245
DOM,2002,24.49,18.83237347,898000.0,81.54,8795101.0,15.22063825,7231.70406730557,27.79214,3294.0,48310.0,52.05961499,1081.78,0.929,73.39309577,5.0994,73.39309577
DOM,2004,24.54,18.34656523,820000.0,76.41,9043127.0,14.23600971,7452.72083559605,25.42881,4042.8,48310.0,50.03104947,1111.05,0.642,59.17317073,5.3338,59.17317073
DOM,2006,24.52,18.00881106,820000.0,98.41,9284168.0,13.69089557,9220.1734947953,23.06549,4140.0,48310.0,50.03104947,1082.09,0.936,80.46707317,5.7882,80.46707317
DOM,2008,24.55,17.72164831,800000.0,99.88,9522948.0,12.68068572,10432.7005592378,20.70217,2728.08,48310.0,49.61705651,1085.65,0.561,80.39875,6.4626,80.39875
DOM,2010,24.6,17.53608296,800000.0,94.97,9775755.0,12.41710742,11319.0919650413,18.33885,46.8,48310.0,49.61705651,1062.76,1.007,107.00625,7.137,107.00625
DOM,2012,24.64,17.64682051,800000.0,90.52,10030882.0,11.35924875,11846.4385746775,15.97552,2095.2,48310.0,48.68557235,1073.41,0.707,74.46375,7.137,74.46375
DOM,2014,24.59,18.93966371,800000.0,94.6,10282115.0,11.25944686,13541.934574175,13.6122,3266.28,48310.0,48.68557235,1083.49,1.132,94.733275,7.137,94.733275
DZA,2008,23.62,25.47990961,7489000.0,70.79,34569592.0,14.82980164,13764.0093044859,30.8,1584.0,2381740.0,17.34404259,65.99,1.205,8.576712512,7.103442424,8.576712512
DZA,2010,23.68,24.39529939,7502000.0,79.63,35856344.0,12.00620713,14332.8160836934,30.8,3618.0,2381740.0,17.37133356,65.7,2.275,15.79578779,7.456721212,15.79578779
DZA,2012,23.66,24.39681643,7506500.0,91.42,37260563.0,10.75502705,14590.7801122011,28.88661,4482.0,2381740.0,17.38149,71.86,1.166,21.32818224,7.8,21.32818224
DZA,2014,23.59,24.11112295,7469400.0,100.61,38760168.0,9.746313976,14862.7932745547,24.98121,5029.2,2381740.0,17.39526565,65.49,1.713,25.50405655,8.569333333,25.50405655
ECU,2000,21.14,43.21267515,1616000.0,62.66,12626507.0,27.92983152,5756.69707976241,57.41273,7131.6,248360.0,32.47704944,3007.29,0.285,101.7326733,9.3663,101.7326733
ECU,2002,21.19,43.08139741,1360000.0,67.79,13070609.0,28.52286625,6314.13600581601,57.84727,7776.0,248360.0,30.1578354,3001.47,0.763,167.6220588,9.5861,167.6220588
ECU,2004,21.33,42.9326149,1277000.0,70.68,13534593.0,30.5654457,7018.31041094046,57.8,9892.8,248360.0,30.30681269,3039.26,0.81,217.5293657,9.8059,217.5293657
ECU,2006,21.18,40.66499989,1233000.0,77.97,14009061.0,29.62036598,7927.89312780163,57.8,11985.9396,248360.0,29.97262039,2981.93,0.767,207.7899432,9.9158,207.7899432
EGY,2000,22.78,59.99289795,2801000.0,66.01,71371371.0,29.63281532,5582.27567096494,42.22616,8719.2,995450.0,3.306042493,13.93,-0.015,449.743306,57.03,449.743306
EGY,2002,22.9,60.33264844,2936000.0,77.78,74393759.0,27.52089045,5895.39588743865,36.71599,9986.4,995450.0,3.439650409,13.84,0.772,454.359673,60.384,454.359673
EGY,2004,23.02,61.23601387,2965000.0,79.67,77522427.0,31.83496496,6363.66063666962,31.20583,12456.0,995450.0,3.493897232,11.13,0.577,541.2816189,63.738,541.2816189
EGY,2006,22.96,63.78294495,2605000.0,89.38,80629670.0,31.23260011,7260.83184299592,25.69566,13640.4,995450.0,3.549148626,13.4,0.634,586.5642994,67.092,586.5642994
EGY,2008,23.12,71.63351964,2642000.0,95.97,83844783.0,31.69212291,8388.04140430012,20.1855,16621.2,995450.0,3.558189763,12.86,0.834,520.2498107,70.446,520.2498107
EGY,2010,23.26,76.46813762,2873000.0,96.42,87252413.0,28.27635415,9034.63699841388,14.67533,17737.2,995450.0,3.687779396,12.45,2.239,473.3727811,73.8,473.3727811
EGY,2012,23.21,61.72475587,2829000.0,101.24,91240376.0,27.07135045,10560.1416087606,9.16517,22428.0,995450.0,3.712893666,16.22,0.853,462.990456,72.3,462.990456
EGY,2014,23.25,66.12149608,2640190.0,102.59,95592324.0,27.54776527,10464.1924134677,3.655,23598.0,995450.0,3.73217138,11.83,1.171,546.9682106,60.7,546.9682106
FJI,2002,24.76,13.0520185,104200.0,95.42,849891.0,24.15850415,6081.88660624759,15.0,15.5284,18270.0,19.71538041,2390.14,0.549,116.621881,0.08298,116.621881
FJI,2004,24.82,12.84826807,92600.0,98.5,866694.0,27.53837429,6642.02629261401,15.0,16.5506,18270.0,19.08045977,2309.23,0.359,83.1425486,0.08426,83.1425486
FJI,2006,24.85,12.69848962,81000.0,104.86,883083.0,28.61696726,7108.27980005666,14.5,17.3839,18270.0,18.44553914,2423.81,0.466,52.72839506,0.0849,52.72839506
FJI,2008,24.77,12.53466193,69400.0,107.25,896731.0,29.30148445,7340.97374390007,13.5,18.1629,18270.0,17.8106185,2232.43,0.367,100.1440922,0.0849,100.1440922
FJI,2010,24.7,12.41499268,63200.0,80.62,905169.0,29.79088901,7519.46911426974,12.5,18.0425,18270.0,17.46579091,2173.56,0.7,42.68987342,0.0849,42.68987342
FJI,2012,24.84,12.69281837,66000.0,102.45,911059.0,30.47678321,8392.59767929541,11.4,17.2701,18270.0,17.38916256,2104.69,0.401,72.32060606,0.0849,72.32060606
FJI,2014,24.81,12.14271622,68800.0,108.3,915560.0,30.39195767,10735.7213817766,10.4,18.4745,18270.0,17.31253421,2208.88,0.612,84.91831395,0.0849,84.91831395
GAB,2000,25.05,28.0134232,325000.0,83.68,1272935.0,40.4276336,13353.7232088764,57.43,52.0782,257670.0,8.021888462,2079.93,0.299,0.923076923,0.1203,0.923076923
GAB,2002,25.16,27.70071784,325000.0,85.54,1341696.0,39.2850973,13403.390723741,55.55895,58.713,257670.0,8.061155742,2024.65,0.621,5.578461538,0.12782,5.578461538
GAB,2004,25.19,27.16086794,325000.0,87.38,1417110.0,38.41247141,13680.9632689274,53.6879,61.0299,257670.0,8.100423022,2082.58,0.818,5.107692308,0.13534,5.107692308
GAB,2006,25.16,26.88797604,325000.0,86.14,1502534.0,37.70146203,13689.9280524177,51.81685,65.9271,257670.0,8.139690302,2067.97,0.786,8.458461538,0.1391,8.458461538
GAB,2008,25.22,26.66173078,325000.0,89.07,1599978.0,36.80410059,13795.4780405187,49.9458,72.088,257670.0,8.178957581,2059.48,0.789,10.51692308,0.1391,10.51692308
GAB,2010,25.27,26.55107024,325000.0,92.36,1711105.0,35.58690259,14086.5534065307,48.07475,76.5639,257670.0,8.218224861,2116.33,1.078,3.16,0.1391,3.16
GAB,2012,25.43,26.82598906,325000.0,92.49,1836705.0,34.02792687,14700.7802691223,46.2037,85.7262,257670.0,8.310451353,2106.48,0.631,10.08818462,0.1391,10.08818462
GAB,2014,25.37,26.2746904,325000.0,98.81,1966855.0,32.60726018,14940.8514300675,44.33265,94.52,257670.0,8.356564598,2103.27,0.88,13.07895385,0.1391,13.07895385
GEO,2000,8.23,15.64754428,793000.0,132.35,4077131.0,52.16938513,3161.1958249061,13.6,25.2,69490.0,43.17167938,1296.64,0.956,52.96343001,1.915533333,52.96343001
GEO,2002,8.07,15.34041908,799000.0,143.88,3978515.0,53.77341406,3718.686932548,13.6,3.6,69490.0,43.22924162,1318.26,1.048,33.04130163,1.87452,33.04130163
GEO,2004,8.25,15.19036779,452000.0,145.51,3927340.0,54.00066214,4634.77757600295,13.2148,3.6,69490.0,35.861275,1304.38,0.863,31.46681416,1.833506667,31.46681416
GEO,2006,8.2,15.42106514,462000.0,111.61,3880347.0,55.30818531,5980.44390474304,12.44783,3.6,69490.0,36.23542956,1361.73,1.234,47.52813853,1.816333333,47.52813853
GEO,2008,8.33,16.44107335,459000.0,103.09,3848449.0,51.34896991,7278.66312182282,11.68087,7.2,69490.0,36.17786732,1273.85,0.664,40.15135076,1.823,40.15135076
GEO,2010,8.33,18.44618402,395000.0,99.01,3786695.0,48.08711721,7711.80683881969,10.9139,849.6,69490.0,35.40077709,1318.57,2.463,46.88767089,1.7642875,46.88767089
GEO,2012,8.68,23.06312599,370000.0,87.28,3728874.0,47.1285562,10059.9820603954,10.14694,1414.8,69490.0,35.0410131,1276.18,1.25,58.07832432,1.705575,58.07832432
GEO,2014,8.55,20.97917548,365000.0,99.4,3719414.0,46.05985799,11770.6989360253,9.37997,108.0,69490.0,34.76759246,1303.04,1.257,68.68312329,1.6468625,68.68312329
GHA,2000,27.56,63.10646818,3744769.6,59.86,19665502.0,53.12668301,2311.83279252132,60.36841,10.8,227540.0,56.10231212,1166.21,0.502,3.174027048,0.982,3.174027048
GHA,2002,27.59,58.50799901,3841282.6,60.5,20758326.0,53.97556705,2471.64596271518,57.00822,14.4,227540.0,57.35466072,1172.49,0.937,4.076763319,1.03625,4.076763319
GHA,2004,27.63,51.08294575,3937795.7,65.04,21906444.0,54.5363193,2724.59185639477,53.64802,13.5,227540.0,52.16477938,1177.05,0.865,13.40902475,1.0905,13.40902475
GHA,2006,27.59,48.78541182,4034308.7,71.1,23098586.0,54.89644149,3095.4497150684,50.28782,11.7,227540.0,52.93043992,1201.59,1.122,20.88362747,1.14475,20.88362747
GHA,2008,27.64,48.03132141,4130821.7,76.75,24326087.0,48.58316595,3504.58539059194,46.92763,9.9,227540.0,52.75890261,1174.78,0.831,15.84987316,1.199,15.84987316
GHA,2010,27.76,47.75100997,4227334.8,83.62,25574719.0,41.99543886,3840.43521207571,43.56743,8.1,227540.0,54.49783774,1192.15,1.39,20.43722678,1.25325,20.43722678
GHA,2012,27.83,56.95704233,4323847.8,89.8,26858762.0,44.20560849,4910.78439566828,40.20724,10.8,227540.0,54.27765843,1194.81,0.73,37.78139462,1.3155,37.78139462
GHA,2014,27.9,43.96272936,4420360.9,95.85,28196358.0,40.44390003,5486.84899656579,36.84704,7.2,227540.0,54.38452492,1175.55,0.993,16.69546937,1.36095,16.69546937
GIN,2000,26.4,46.52844592,2739000.0,44.22,8336967.0,71.34873154,1208.98269863361,40.66534,33.9224,245720.0,57.29692333,1816.89,0.673,1.168309602,0.578,1.168309602
GIN,2002,26.46,45.71955326,2741000.0,46.89,8577790.0,70.45042133,1330.13020089727,41.49952,35.4386,245720.0,57.3457594,1815.73,1.109,0.875592849,0.56125,0.875592849
GIN,2004,26.53,44.40596116,2743000.0,52.26,8961039.0,69.08604395,1381.5328939195,42.3337,36.6374,245720.0,57.47598893,1772.36,1.033,0.957710536,0.56975,0.957710536
GIN,2006,26.47,43.98174361,2750000.0,59.46,9330625.0,68.68281795,1470.17500886935,43.16788,26.1841,245720.0,57.50447664,1835.95,1.129,0.883636364,0.598307692,0.883636364
GIN,2008,26.48,43.86205404,2850000.0,66.26,9779785.0,67.56441813,1633.34829099918,44.00206,30.9649,245720.0,57.95214065,1847.86,1.128,1.29754386,0.646923077,1.29754386
GIN,2010,26.63,43.92025622,2900000.0,78.83,10270728.0,66.86265538,1641.48511943016,44.83624,33.4387,245720.0,58.19632102,1783.86,1.369,0.932758621,0.695538462,0.932758621
GIN,2012,26.73,47.84514747,3000000.0,87.69,10788692.0,65.50163675,1812.02278442146,45.67042,25.4627,245720.0,58.6032883,1873.45,0.603,2.931833333,0.744153846,2.931833333
GIN,2014,26.72,39.84963663,3100000.0,95.85,11333365.0,64.28432871,1896.28093846842,46.5046,20.5628,245720.0,59.14455478,1800.89,1.006,1.023087097,0.792769231,1.023087097
GMB,2000,28.21,60.99508052,234000.0,74.73,1437539.0,61.25666058,1752.4692656538,56.92053,2.9733,10120.0,50.0,780.52,0.995,3.418803419,0.0905,3.418803419
GMB,2004,28.38,53.98883495,273000.0,88.9,1612225.0,58.45133011,1989.78481392145,53.31504,7.2486,10120.0,47.23320158,782.96,1.278,9.186813187,0.09938,9.186813187
GMB,2006,28.39,52.93034886,293000.0,90.66,1711294.0,57.80430605,1935.31056822351,51.5123,7.2131,10120.0,49.01185771,796.76,1.297,10.82593857,0.1016,10.82593857
GMB,2008,28.39,52.80218735,372000.0,94.47,1820542.0,56.2106036,2085.18606874155,49.70956,8.8806,10120.0,55.92885375,802.37,1.45,4.260752688,0.1016,4.260752688
GMB,2010,28.44,52.90972723,450000.0,95.43,1937275.0,54.35978255,2254.37313870706,47.90681,12.4582,10120.0,63.63636364,737.08,1.424,7.3,0.1016,7.3
GMB,2012,28.45,66.41985059,450000.0,95.24,2061014.0,53.69019712,2046.86133785427,46.10407,7.4487,10120.0,63.63636364,838.13,0.982,2.582311111,0.1016,2.582311111
GMB,2014,28.54,50.9583279,450000.0,99.54,2189019.0,52.63534281,1912.06879905934,44.30132,6.7878,10120.0,63.63636364,789.18,1.268,0.455155556,0.1016,0.455155556
GNB,2008,28.12,48.80753187,280000.0,90.45,1488431.0,58.67484217,1308.20413200448,75.2,1.3996,28120.0,25.98435277,1461.55,1.408,10.10785714,0.175,10.10785714
GNB,2010,28.19,49.40045777,300000.0,94.99,1567220.0,57.46233678,1368.92620252179,75.2,2.0996,28120.0,26.58499289,1328.6,1.427,16.555,0.175,16.555
GNB,2012,28.28,55.8088468,300000.0,100.35,1652717.0,56.67970495,1400.74726829174,75.24783,1.219,28120.0,27.18556188,1443.75,0.906,14.795,0.175,14.795
GNB,2014,28.28,43.55934685,300000.0,101.87,1743309.0,55.44884265,1454.08168412808,71.63847,0.9889,28120.0,27.78613087,1387.08,1.281,15.60166667,0.175,15.60166667
GTM,2002,23.3,35.13176907,1855580.0,51.44,12147518.0,40.21830778,5009.91837150118,53.25944,76.28,107160.0,45.60078387,1848.86,0.689,76.63425991,2.606738095,76.63425991
GTM,2004,23.32,31.9211611,1669000.0,51.68,12682108.0,36.15969765,5315.44723171621,51.0228,104.2582,107160.0,44.07428145,1820.75,0.754,119.780707,2.965419048,119.780707
GTM,2006,23.22,29.59995086,1506000.0,55.75,13213330.0,33.23150104,5901.43139208068,48.78615,120.5348,107160.0,40.27110116,1870.57,0.682,136.0438247,3.3241,136.0438247
GTM,2008,23.31,27.5798309,1581000.0,59.32,13739299.0,33.39922846,6526.24090718166,46.5495,126.2536,107160.0,41.37737962,1868.87,0.204,77.10752688,3.3241,77.10752688
GTM,2010,23.49,26.65241987,1500200.0,67.12,14259687.0,33.50013964,6619.86314061474,44.31286,132.8346,107160.0,40.28742068,1838.11,0.69,150.805226,3.3241,150.805226
GTM,2012,23.45,27.30055972,1419400.0,76.05,14781942.0,32.25691496,7409.40780549115,42.07621,147.9743,107160.0,39.77603583,1833.83,0.555,200.8369734,3.3241,200.8369734
GTM,2014,23.44,26.7327979,1412900.0,97.09,15306316.0,31.53356488,8438.67412403139,39.83957,157.5478,107160.0,39.98600224,1826.29,0.631,196.9264208,3.3241,196.9264208
GUY,2000,25.79,28.06530877,410666.7,51.44,759051.0,25.06272045,5904.54757566227,26.1,938.4894,196850.0,5.235797308,1768.8,0.536,30.64285466,1.64,30.64285466
GUY,2002,25.98,26.73731742,414400.0,57.58,760323.0,22.17710558,6331.50474877454,26.1,935.6785,196850.0,5.26492253,1868.13,0.91,35.95559846,1.60928,35.95559846
GUY,2004,26.12,24.58337972,418133.3,74.51,760424.0,21.57502215,6690.32061297017,25.31799,751.9892,196850.0,5.283887732,1666.5,0.879,48.25016329,1.57856,48.25016329
GUY,2006,25.97,23.93752553,420000.0,67.25,758367.0,21.99042311,7351.74250993436,23.67077,228.3973,196850.0,5.293370587,1882.33,0.972,32.58095238,1.5395,32.58095238
GUY,2008,26.01,23.95203019,420000.0,73.32,754150.0,21.05261036,8441.61555853782,22.02354,240.3997,196850.0,5.293370587,1795.72,0.68,56.79761905,1.4921,56.79761905
GUY,2010,26.07,23.8363234,420000.0,76.98,747932.0,20.32092685,9353.12608283838,20.37632,243.2592,196850.0,5.293370587,1821.68,1.174,39.31904762,1.4447,39.31904762
GUY,2012,26.22,24.02027505,420000.0,90.69,743966.0,18.9081504,10659.9931632725,18.7291,243.9673,196850.0,5.293370587,1807.33,0.85,43.54333333,1.4447,43.54333333
GUY,2014,26.16,24.23118673,420000.0,96.84,751115.0,18.68871494,11191.2345886479,17.08187,138.773,196850.0,5.293370587,1847.97,0.946,53.14930952,1.4447,53.14930952
HND,2004,24.18,28.5787777,1050000.0,86.07,7383407.0,34.92444548,2966.98349449969,43.24,1586.1408,111890.0,28.06327643,1654.92,0.617,36.59152381,1.607,36.59152381
HND,2006,24.08,26.85386059,1050000.0,92.81,7745200.0,35.62278544,3398.4017856038,40.9,1710.0218,111890.0,28.24202342,1627.88,0.687,98.442,1.607,98.442
HND,2008,24.16,24.70989572,1018000.0,103.86,8101777.0,34.2670823,3764.44414600747,38.56,1994.4466,111890.0,28.4565198,1636.4,0.605,77.61478389,1.607,77.61478389
HND,2010,24.27,23.60467753,1018000.0,90.99,8450933.0,36.45165397,3719.72833460812,36.22,1968.2039,111890.0,29.20725713,1633.64,0.836,85.65641454,1.607,85.65641454
HND,2012,24.3,24.20906684,1018000.0,96.43,8792367.0,37.00500108,3981.03962511174,33.88,2126.818,111890.0,30.01161855,1632.55,0.682,107.9111493,1.607,107.9111493
HND,2014,24.21,24.19704863,1018000.0,96.02,9127846.0,28.83366711,4428.43192139492,31.54,2255.3301,111890.0,30.16355349,1599.19,0.765,140.0178389,1.607,140.0178389
HUN,2000,11.47,20.65581789,4602000.0,124.25,10210971.0,6.462464625,11854.683416267,15.4,3438.0,89620.0,65.32024102,667.07,1.768,90.61799218,5.843533333,90.61799218
HUN,2002,11.13,21.15222119,4606000.0,122.21,10158608.0,6.1178115,14526.3882629125,14.2,3783.6,89620.0,65.2644499,713.85,1.454,94.87624837,5.76,94.87624837
HUN,2004,11.33,21.84984078,4598000.0,108.28,10107146.0,5.26060029,16269.308764051,12.9,3859.2,89620.0,65.43182325,702.53,0.581,98.52109613,5.650666667,98.52109613
HUN,2006,11.63,21.8234248,4597000.0,97.92,10071370.0,4.763694482,18383.6322203338,11.6,3225.6,89610.0,64.82535431,661.36,0.724,99.19512726,5.541333333,99.19512726
HUN,2008,11.9,20.99914326,4585000.0,98.4,10038188.0,4.314589259,20721.5024106144,10.4,3387.6,89610.0,64.61332441,684.61,1.514,96.70076336,5.432,96.70076336
HUN,2010,11.91,20.46578462,4392000.0,89.46,10000023.0,4.540585558,21738.8965943079,9.1,2736.0,90530.0,59.01910969,653.23,0.822,84.33424408,5.37,84.33424408
HUN,2012,11.72,18.93202126,4397000.0,91.45,9920362.0,5.063672555,23267.448392909,7.9,2815.2,90530.0,58.96387938,697.45,1.745,99.6154196,5.051,99.6154196
HUN,2014,11.78,17.93977439,4322000.0,96.17,9866468.0,4.675260742,25691.5272556351,7.2,2934.0,91260.0,57.68134999,705.37,2.216,112.7082369,3.923,112.7082369
IDN,2000,25.53,26.20520179,20500000.0,52.09,214072421.0,45.27798354,4682.49661632627,35.12568,79.2,1877519.0,25.12730896,3079.33,0.265,121.6341463,113.27,121.6341463
IDN,2002,25.52,25.52916865,21850000.0,62.92,220115092.0,44.33824855,5121.67383718702,33.47149,144.0,1877519.0,26.60425807,3117.97,0.599,113.9232037,126.940625,113.9232037
IDN,2004,25.63,24.82757837,23200000.0,70.83,225938595.0,43.32995175,5750.20474318637,31.81729,476.1,1877519.0,27.64286274,3076.15,0.546,139.5004741,140.61125,139.5004741
IDN,2006,25.58,23.88605543,23260000.0,72.83,231797427.0,42.06411518,6644.53394048679,30.1631,808.2,1877519.0,28.36722291,3154.77,0.401,146.0595873,154.281875,146.0595873
IDN,2008,25.64,22.6167038,23320000.0,71.9,237936543.0,41.09616796,7639.91909805842,28.5089,1140.3,1877519.0,29.09158309,3054.16,0.252,179.62247,167.9525,179.62247
IDN,2010,25.71,20.59572582,23380000.0,79.39,244016173.0,39.12808071,8431.82176525356,26.85471,1472.4,1877519.0,29.49637261,3140.55,0.768,183.2246792,181.623125,183.2246792
IDN,2012,25.75,19.5533516,23440000.0,91.04,250222695.0,35.93072631,9624.58823162978,25.20051,1659.6,1877519.0,30.06094745,3104.03,0.42,247.0288656,195.29375,247.0288656
IDN,2014,25.74,18.53546489,23500000.0,94.06,256229761.0,34.2823898,10168.6760599231,23.54632,1785.6,1877519.0,30.51899874,3208.27,0.759,253.7707562,208.964375,253.7707562
IND,2000,24.38,61.51144978,160930000.0,49.8,1059633675.0,59.64472856,2087.48205611449,55.29477,305024.4,2973190.0,60.86896566,1126.31,0.356,103.7861182,610.3995,103.7861182
IND,2002,24.51,62.37252215,160432000.0,53.02,1098313039.0,57.32692617,2275.5922325101,54.59656,304149.6,2973190.0,60.72938494,1214.11,0.831,100.3290553,640.51948,100.3290553
IND,2004,24.52,62.94617225,159681000.0,56.82,1136264583.0,54.44432543,2681.21665673687,53.89834,318798.0,2973190.0,60.66716221,1162.32,0.57,115.2715101,625.2397,115.2715101
IND,2006,24.42,61.19510992,158662000.0,62.06,1172373788.0,52.78426661,3222.01449454838,53.20013,356482.8,2973190.0,60.50941918,1191.73,0.685,136.4039215,632.6598,136.4039215
IND,2008,24.4,54.3676481,157995000.0,68.38,1206734806.0,52.13817602,3636.96935438891,52.50192,409849.2,2973190.0,60.45930465,1201.66,0.303,153.3493908,640.0799,153.3493908
IND,2010,24.58,50.10115395,157009000.0,78.77,1240613620.0,51.05607415,4216.18399255719,51.8037,475081.2,2973190.0,60.39741826,1166.8,1.159,179.0358769,647.5,179.0358769
IND,2012,24.67,74.00316075,156546000.0,85.9,1274487215.0,47.08815681,4835.47766479595,51.10549,507456.0,2973190.0,60.42062566,1180.75,0.487,163.1220216,647.5,163.1220216
IND,2014,24.63,79.03739571,156463000.0,94.94,1307246509.0,45.23759935,5211.57032148735,50.40728,608086.8,2973190.0,60.44955082,1148.43,0.536,163.4980794,647.5,163.4980794
IRL,2000,9.84,12.54877737,488100.0,92.07,3805174.0,7.951286395,30209.4656208159,6.2,2052.0,68890.0,63.81419655,1067.81,0.548,1228.047531,0.970363636,1228.047531
IRL,2002,9.95,12.3040623,518200.0,89.33,3931947.0,7.031060419,35222.028724352,6.4,2178.0,68890.0,63.47800842,1048.15,0.802,1153.707063,0.901818182,1153.707063
IRL,2004,9.9,12.02418126,521650.0,90.09,4070262.0,6.372607356,38734.4439399148,6.7,2188.8,68890.0,62.49092757,1049.17,0.865,1077.446564,0.833272727,1077.446564
IRL,2006,10.08,11.5711334,467080.0,87.78,4273591.0,5.705211357,44232.1017485574,6.9,2206.8,68890.0,61.83771229,1067.57,1.135,1066.100026,0.7645,1066.100026
IRL,2008,10.03,10.78467119,485650.0,85.94,4489544.0,5.286230525,44169.0943411644,7.2,2019.6,68890.0,67.19407751,1083.43,0.818,857.1975703,0.7435,857.1975703
IRL,2010,10.06,10.34759077,438840.0,88.91,4560155.0,5.751274611,43202.9556944365,7.5,2008.8,68890.0,66.30860793,1113.63,-0.127,1065.372345,0.831444444,1065.372345
IRL,2012,9.95,9.588933029,482610.0,85.97,4599533.0,5.786190809,46283.7289661063,7.7,2008.8,68890.0,65.8005516,1057.28,0.683,1138.780796,0.980333333,1138.780796
IRL,2014,10.08,8.844726652,465180.0,95.61,4657740.0,5.441324911,51238.8003290093,8.0,2008.8,68890.0,64.82798665,1047.57,1.368,1238.346662,1.129222222,1238.346662
IRQ,2000,22.7,42.03225569,4300000.0,106.89,24628858.0,14.23099066,10539.8345435235,33.89419,3289.7737,437370.0,19.43434621,191.03,0.986,86.3255814,65.9926,86.3255814
IRQ,2002,22.88,42.21863064,4500000.0,119.73,26255343.0,13.89865537,9590.94084842209,35.43867,3557.9421,437370.0,19.868761,196.21,1.147,141.0222222,62.27765714,141.0222222
IRQ,2004,22.75,42.34812207,4500000.0,87.81,27858948.0,13.29467303,9195.89122321294,36.98314,3564.3728,437370.0,19.868761,185.67,1.072,24.696,58.56271429,24.696
IRQ,2006,22.94,43.23384006,4800000.0,94.97,28905607.0,13.00307516,10121.157509769,38.52762,1825.2,437370.0,20.5546791,219.03,1.618,46.54583333,54.84777143,46.54583333
IRQ,2008,22.92,46.53634987,4000000.0,104.72,29218381.0,12.03995483,11558.6331325433,40.07209,2455.2,437370.0,18.72556417,204.44,1.161,57.19,51.13282857,57.19
IRQ,2010,22.97,48.60649351,4000000.0,108.19,31264875.0,11.28712075,12100.6343591699,41.61657,2480.4,434320.0,18.92613741,212.34,2.681,34.29,47.41788571,34.29
IRQ,2012,23.07,43.76335815,4318500.0,122.36,33864447.0,10.42813774,14312.8922718632,43.16104,2520.0,434320.0,19.72854117,238.69,1.272,49.41604261,43.69794286,49.41604261
IRQ,2014,23.28,37.79473333,4969000.0,111.48,36746488.0,9.912367011,13097.8544982744,44.70552,2520.0,434128.0,21.35084583,188.33,1.162,19.70423425,39.983,19.70423425
JOR,2000,19.18,24.22896808,190000.0,56.45,5056174.0,4.183117017,6009.66472712094,40.01581,3564.0,88240.0,12.11468722,76.01,0.386,108.5421053,0.74555,108.5421053
JOR,2002,19.32,25.67361916,195000.0,57.96,5275532.0,3.93390262,6660.35139823244,37.68646,3758.4,88240.0,11.61604714,76.28,0.698,154.3589744,0.738664286,154.3589744
JOR,2004,19.27,28.43966548,209000.0,66.8,5532423.0,4.114489012,7520.89863613875,35.35711,4539.6,88240.0,11.75203989,68.85,0.651,46.41148325,0.802778571,46.41148325
JOR,2006,19.36,30.58722981,190000.0,67.77,6075548.0,3.875325273,8511.54773600395,33.02776,5025.6,88240.0,11.53671804,74.86,0.79,55.78947368,0.917,55.78947368
JOR,2008,19.4,32.62297879,149500.0,86.56,6632873.0,3.681788297,9466.70581282106,30.6984,6166.8,88240.0,11.02107888,73.6,0.785,102.3411371,0.928,102.3411371
JOR,2010,19.53,33.59508454,177600.0,92.86,6931258.0,3.50665883,9913.59075369226,28.36905,6724.8,88780.0,11.28970489,71.55,2.659,130.6306306,0.893,130.6306306
JOR,2012,19.49,29.02445731,217000.0,95.48,7211863.0,3.372006707,10245.2751214976,26.0397,7038.0,88780.0,11.76954269,88.22,1.155,108.2949309,0.849,108.2949309
JOR,2014,19.63,30.20224554,237500.0,99.43,8658026.0,3.411242925,9285.87606712926,23.71035,8223.12,88780.0,11.98468123,67.99,0.908,92.56842105,0.9698,92.56842105
KAZ,2000,6.64,16.69542137,30159300.0,65.73,14883626.0,36.13920733,7725.95482729905,24.45811,30564.0,2699700.0,79.7841612,338.88,1.498,1.226818925,21.0,1.226818925
KAZ,2002,7.14,16.48252201,28345900.0,69.91,14858948.0,35.47825146,10014.7141390539,21.67406,37677.6,2699700.0,79.07134126,344.73,2.255,0.836099753,22.26,0.836099753
KAZ,2004,6.8,16.50703317,28478800.0,76.63,15012984.0,33.50135855,12433.8437369818,18.89002,19602.0,2699700.0,78.7756047,337.07,2.161,1.478292625,23.64,1.478292625
KAZ,2006,6.98,16.8840447,28616000.0,83.9,15308085.0,31.53508719,15743.6117678578,16.10598,22233.6,2699700.0,78.48149794,341.56,1.418,1.446743081,21.24,1.446743081
KAZ,2008,6.94,18.09299726,28519800.0,90.37,15776938.0,30.16016127,17989.8821321839,13.32194,2610.0,2699700.0,78.10178909,332.45,1.519,1.083457808,20.47,1.083457808
KAZ,2010,7.2,20.51187509,28683800.0,95.36,16321872.0,28.28286567,19229.9356448035,10.5379,2235.6,2699700.0,80.43923399,346.68,1.276,2.046032952,23.81,2.046032952
KAZ,2012,7.28,27.20318244,29332500.0,91.21,16792090.0,25.539535,22021.2814880974,7.75386,1627.2,2699700.0,80.38378338,339.75,1.122,4.420250575,21.39,4.420250575
KAZ,2014,7.18,23.8358367,29470200.0,96.97,17288285.0,21.93644751,24689.8155192184,4.96982,2721.6,2699700.0,80.30499685,337.54,0.648,3.952704766,23.08,3.952704766
KEN,2000,25.42,21.14209273,4891000.0,60.85,30851606.0,45.51469413,1893.99747443147,63.18451,118.8,569140.0,46.86193204,768.74,0.48,29.7904314,1.559923077,29.7904314
KEN,2002,25.47,20.29504521,5091000.0,71.77,32779823.0,44.55285744,1931.52288822339,61.63811,136.8,569140.0,47.12021647,772.73,0.672,27.31310155,2.066641026,27.31310155
KEN,2004,25.5,18.98597176,5258000.0,81.12,34791836.0,43.46003672,2061.66029514218,60.09171,162.0,569140.0,47.42594089,766.89,0.579,27.68086725,2.448285714,27.68086725
KEN,2006,25.51,18.97807,5310000.0,90.72,36925253.0,42.08756311,2328.78964538139,58.54531,187.2,569140.0,47.53487718,738.63,0.817,33.15480226,2.704857143,33.15480226
KEN,2008,25.47,20.61653168,5300000.0,100.31,39186895.0,40.94539312,2460.34268073917,56.99891,129.6,569140.0,47.58934533,767.4,0.708,33.28754717,2.961428571,33.28754717
KEN,2010,25.63,23.12567269,5500000.0,106.04,41517895.0,39.70927192,2640.01248301208,55.45251,130.168,569140.0,47.98467864,739.34,1.071,32.79252182,3.218,32.79252182
KEN,2012,25.64,25.6442241,5800000.0,103.41,43725806.0,38.41836419,2857.85191593147,53.90611,153.5933,569140.0,48.55044453,773.74,0.933,48.08322241,3.2188,48.08322241
KEN,2014,25.7,23.75138703,5800000.0,103.41,45831863.0,37.07973209,3375.58456757834,52.35971,176.8981,569140.0,48.58909934,769.15,0.923,47.73076034,3.2196,47.73076034
KGZ,2000,0.39,23.03802607,1356000.0,81.19,4898400.0,53.07056014,1861.8511534459,47.15842,11944.8,191800.0,55.86027112,871.19,1.074,21.53318584,10.08,21.53318584
KGZ,2002,0.75,22.75829358,1345000.0,84.26,4990700.0,49.09722712,1998.23948218493,42.68651,8942.4,191800.0,56.1835245,910.22,1.433,7.050557621,9.289,7.050557621
KGZ,2004,0.5,22.42343065,1334000.0,80.74,5104700.0,38.90509895,2343.43640812972,38.2146,7736.4,191800.0,56.15224192,915.83,1.51,21.68215892,8.498,21.68215892
KGZ,2006,0.76,22.63795091,1283700.0,81.15,5218400.0,36.26909957,2508.37546996859,33.74269,10119.6,191800.0,55.94942649,879.26,1.618,22.19677495,7.707,22.19677495
KGZ,2008,0.41,23.90588243,1279500.0,83.81,5318700.0,34.0139242,3031.51059955411,29.27078,2138.4,191800.0,55.92909281,917.33,0.972,18.9738179,7.707,18.9738179
KGZ,2010,0.59,26.59192533,1276200.0,87.91,5447900.0,34.37958118,3086.43176939893,24.79887,1357.2,191800.0,55.32794578,939.08,1.334,22.65945777,7.707,22.65945777
KGZ,2012,0.92,34.38170871,1276600.0,89.64,5607200.0,32.70412681,3617.40110358208,20.32696,799.2,191800.0,55.22054223,914.2,0.252,24.31615228,7.707,24.31615228
KGZ,2014,0.84,30.54846352,1280600.0,97.74,5835500.0,31.30964137,4279.16679979308,15.85505,907.2,191800.0,55.04223149,952.73,0.46,32.00062471,7.707,32.00062471
LAO,2006,23.56,28.4053139,1200000.0,100.94,5946593.0,77.12730201,2784.45198292018,44.1,142.8433,230800.0,8.773830156,1967.54,0.859,7.298991667,3.946,7.298991667
LAO,2008,23.48,26.88236538,1290000.0,103.92,6135861.0,73.77263586,3277.5443809466,40.7,159.7363,230800.0,9.116117851,1956.71,0.263,7.332379845,4.852,7.332379845
LAO,2010,23.62,24.23041667,1400000.0,103.94,6323418.0,71.4382771,3778.69452739027,37.3,153.054,230800.0,9.618717504,1963.12,1.345,11.49882143,5.758,11.49882143
LAO,2012,23.6,22.4365697,1463050.0,112.69,6508803.0,68.95383211,4788.42122943951,33.8,142.02,230800.0,9.996750433,1963.23,0.942,29.43526195,6.664,29.43526195
LAO,2014,23.59,21.39289979,1502400.0,84.49,6691454.0,65.40153588,5808.65864381182,30.4,128.196,230800.0,10.1169844,1963.63,0.688,33.99536741,7.57,33.99536741
LBN,2002,15.39,18.10862327,130000.0,99.96,4446666.0,5.709894009,8618.75355623234,92.4,1497.3936,10230.0,60.21505376,541.1,0.881,263.4002308,1.2168,263.4002308
LBN,2004,15.45,18.42905604,136300.0,107.18,4574797.0,5.351826999,9660.43540368106,92.4,1549.952,10230.0,62.39491691,559.18,0.712,357.2781365,1.1676,357.2781365
LBN,2006,15.53,19.12891925,136000.0,101.41,4719864.0,5.101891662,10380.6790101803,92.41022,1422.466,10230.0,66.37341153,556.1,0.783,228.2208824,1.1676,228.2208824
LBN,2008,15.61,20.94045219,123000.0,118.22,4887613.0,4.652126745,12511.8129797578,67.30186,1489.9508,10230.0,64.80938416,524.19,1.043,290.8272358,1.3108,290.8272358
LBN,2010,15.7,22.03057144,114000.0,77.54,4995800.0,4.213879029,14837.4953913715,42.19351,1861.5161,10230.0,62.56109482,557.99,2.392,365.0266667,1.454,365.0266667
LBN,2012,15.65,18.78419579,132000.0,90.61,5178337.0,3.999184477,16300.049997723,17.08516,1719.9632,10230.0,64.32062561,577.87,1.04,303.1125758,1.5972,303.1125758
LBN,2014,15.69,20.36311985,132000.0,98.43,6274342.0,4.006467608,16326.7417898764,4.5,2137.5391,10230.0,64.71163245,533.18,1.05,277.6416667,1.7404,277.6416667
LSO,2000,11.8,24.50430994,330000.0,95.22,1998630.0,46.56086736,1276.28916872867,62.72729,2.1399,30360.0,76.87747036,1077.47,0.308,24.22424242,0.0438,24.22424242
MAR,2000,18.39,26.27940453,8767000.0,57.15,28554415.0,44.11367268,3912.57788085938,33.15472,2559.6,446300.0,68.68025991,297.15,1.045,41.90897684,12.6,41.90897684
MAR,2002,18.45,26.37323323,8402000.0,61.81,29301817.0,44.38664835,4421.0478515625,30.36674,5000.4,446300.0,67.8534618,292.37,1.255,65.55427279,14.813,65.55427279
MAR,2004,18.53,26.42696929,8210000.0,61.52,30033125.0,45.82527936,5011.44775390625,27.57876,6271.2,446300.0,67.31122563,302.15,1.125,48.95761267,13.753,48.95761267
MAR,2006,18.54,26.5559544,8064000.0,67.4,30833022.0,43.39541722,5768.9677734375,24.79078,7419.6,446300.0,67.09836433,305.83,1.474,60.16865079,12.693,60.16865079
MAR,2008,18.69,26.85895401,8052000.0,74.13,31634992.0,40.70283594,6430.9365234375,22.0028,4676.4,446300.0,67.17678691,292.89,1.161,53.82662692,11.633,53.82662692
MAR,2010,18.61,27.03466219,7729300.0,84.36,32464865.0,40.03772089,6848.36962890625,19.21482,5119.2,446300.0,67.19314363,274.17,2.127,57.17102454,10.573,57.17102454
MAR,2012,18.64,23.51702778,8047000.0,93.06,33352169.0,39.21808589,7307.21337890625,16.42684,10587.6,446300.0,68.12233923,284.71,1.388,56.99266808,10.573,56.99266808
MAR,2014,18.53,22.57564637,7601100.0,95.99,34248603.0,37.23602107,7227.0126953125,13.63886,12070.8,446300.0,67.40421241,287.89,1.664,71.35059399,10.573,71.35059399
MDA,2000,10.27,28.75985518,1827000.0,97.35,2924668.0,50.86534684,3044.67050577829,26.5,669.6,32880.0,77.37226277,587.63,1.396,2.791461412,1.391018182,2.791461412
MDA,2002,10.27,26.33698512,1843000.0,98.88,2911385.0,49.6383682,3632.61091824739,23.7,579.6,32880.0,77.06812652,607.02,1.348,8.138903961,0.866,8.138903961
MDA,2004,10.22,23.62014921,1840000.0,100.22,2896023.0,49.45928698,4378.17475787963,20.8,172.8,32880.0,76.70316302,642.35,0.645,8.315217391,0.852,8.315217391
MDA,2006,10.52,22.04607134,1820000.0,105.56,2880967.0,48.82158421,5271.38970423064,18.0,198.0,32890.0,75.49407115,604.95,0.229,8.46043956,0.854,8.46043956
MDA,2008,10.66,20.90391983,1821000.0,84.29,2868833.0,49.74854639,6153.35152138081,15.1,194.4,32890.0,75.43326239,602.1,1.469,12.45304778,0.885,12.45304778
MDA,2010,10.79,20.40847874,1813000.0,103.67,2862354.0,54.59995708,6323.06287899041,12.3,194.4,32850.0,75.03805175,584.63,1.203,11.05956977,0.851,11.05956977
MDA,2012,10.72,20.38358467,1814000.0,95.91,2860324.0,55.37455506,7254.66249032313,9.4,187.2,32860.0,74.86305539,616.27,1.913,19.12899669,0.85,19.12899669
MDA,2014,10.66,18.73711634,1728000.0,93.79,2857815.0,58.75772318,8643.06431435343,6.5,176.4,32880.0,70.40754258,608.97,1.255,25.93344907,0.837,25.93344907
MDG,2000,22.81,11.91553713,2900000.0,89.21,16216431.0,78.68542156,1258.64201524972,91.43569,143.04,581540.0,69.6426729,1404.66,0.421,3.141724138,13.3696,3.141724138
MDG,2002,22.91,12.2058972,2950000.0,81.66,17211934.0,81.11031133,1143.10152547994,89.03413,134.16,581540.0,70.23248616,1394.86,0.491,2.103335593,13.40476,2.103335593
MDG,2004,22.95,12.45622727,2950000.0,83.91,18250774.0,81.91837665,1304.49332712633,86.63257,125.28,581540.0,70.23248616,1449.41,0.333,2.263522034,13.43992,2.263522034
MDG,2006,22.95,12.85101204,3000000.0,91.39,19350299.0,80.34072929,1444.26457921514,84.23101,116.4,581540.0,70.31846477,1403.48,0.627,2.52645,13.4575,2.52645
MDG,2008,22.96,13.46655191,3000000.0,93.07,20513599.0,76.50664545,1608.88277492169,81.82945,107.52,581540.0,70.32190391,1394.74,0.377,4.273506667,13.4575,4.273506667
MDG,2010,23.02,14.52390726,3000000.0,96.9,21731053.0,73.35715823,1494.34403405613,79.42789,98.64,581540.0,70.32190391,1374.06,1.033,2.977286667,13.4575,2.977286667
MDG,2012,23.16,14.70097017,3000000.0,98.51,22966240.0,68.87287865,1495.23981612046,77.02633,89.76,581795.0,70.29108191,1384.04,0.768,7.03834,13.4575,7.03834
MDG,2014,23.12,15.00220058,3000000.0,97.76,24215976.0,73.09688573,1532.78107137994,74.62477,80.88,581800.0,70.29047783,1392.77,0.654,8.734476667,13.4575,8.734476667
MDV,2004,27.17,16.20496593,3000.0,90.59,302135.0,17.25709716,10741.9768810081,41.535,69.7064,300.0,36.66666667,1899.41,0.489,10.33333333,0.00495,10.33333333
MDV,2006,27.17,15.71448915,3000.0,88.15,314401.0,16.16226964,12043.1026914013,41.535,82.2745,300.0,23.33333333,1919.05,0.488,117.6666667,0.004461905,117.6666667
MDV,2008,27.15,14.8140192,3000.0,91.74,336883.0,14.6177327,13736.3499178117,40.9775,120.4067,300.0,23.33333333,1892.16,0.307,22.33333333,0.0047,22.33333333
MDV,2010,27.2,13.45283633,3900.0,97.5,361575.0,12.79280272,12788.7028491541,39.8625,107.0398,300.0,23.0,1924.06,0.795,94.35897436,0.001014286,94.35897436
MDV,2012,27.29,12.9660176,3900.0,97.78,387539.0,10.22427531,13948.6621764827,38.7475,102.7934,300.0,21.33333333,1855.55,0.629,134.8,0.0047,134.8
MDV,2014,27.24,11.72584273,3900.0,98.4,416738.0,7.978209244,16580.7520902505,37.6325,132.9484,300.0,21.33333333,1832.73,0.767,60.38717949,0.0047,60.38717949
MEX,2000,21.16,30.85631154,22905000.0,72.87,97873442.0,17.40542405,11794.3236037342,32.16297,28443.6,1943950.0,54.6979089,798.19,0.542,79.98253656,68.17085714,79.98253656
MEX,2002,21.24,28.37541339,23184000.0,77.29,100917081.0,17.20938193,11835.4929333327,30.44793,25977.6,1943950.0,54.81108053,811.93,0.652,68.6658989,72.3,68.6658989
MEX,2004,21.28,24.73371572,23214000.0,81.29,103945813.0,15.5800321,12712.4087324602,28.73289,25084.8,1943950.0,54.82136886,783.65,0.314,67.13810632,75.2,67.13810632
MEX,2006,21.23,22.36966305,23363000.0,85.83,106886790.0,14.95558109,14591.5841615095,27.01784,29041.2,1943950.0,54.82136886,819.64,0.873,69.03282969,77.0,69.03282969
MEX,2008,21.3,20.49690008,23306000.0,89.81,109684489.0,14.4094053,15779.1903681712,25.3028,29192.4,1943950.0,53.16751974,789.37,0.497,56.58624389,79.7809,56.58624389
MEX,2010,21.38,19.65963197,22933000.0,92.4,112532401.0,14.63555802,16063.1663296244,23.58776,30960.0,1943950.0,52.37120296,802.07,0.233,72.30423407,79.63,72.30423407
MEX,2012,21.4,20.1560213,22552000.0,95.04,115755909.0,14.45491005,18170.0246436426,21.87272,38937.6,1943950.0,51.70503357,826.39,0.849,84.80327998,82.73,84.80327998
MEX,2014,21.44,19.66785024,22161000.0,97.79,118755887.0,14.49485876,18983.778991974,20.15767,36100.8,1943950.0,50.79760282,807.68,0.793,90.46677587,84.93,90.46677587
MNE,2006,9.81,25.91940923,174000.0,118.15,615025.0,8.660705153,10458.6028785092,17.3,97.2,13450.0,38.28996283,1620.02,0.538,18.70114943,0.162266667,18.70114943
MNE,2008,9.84,24.77007841,173000.0,96.79,616969.0,7.501759256,13816.1987940766,16.1,129.6,13450.0,38.14126394,1655.69,1.345,14.79190751,0.1609,14.79190751
MNE,2010,10.05,24.02639376,172000.0,74.87,619428.0,5.590438726,13633.0783945249,14.9,136.8,13450.0,38.0669145,1588.36,1.27,14.35465116,0.1609,14.35465116
MNE,2012,9.85,25.15272565,172000.0,90.27,620601.0,5.655505783,13863.1832369662,13.6,36.0,13450.0,38.14126394,1681.22,1.729,12.49087209,0.1609,12.49087209
MNE,2014,9.97,22.89337515,8730.0,98.65,621810.0,5.676544572,15370.047327501,12.4,46.8,13450.0,17.12416357,1711.6,1.609,276.9163803,0.1609,276.9163803
MNG,2000,1.31,21.39814461,1174000.0,80.25,2450979.0,48.64027691,3644.05970582405,57.60411,54.0,1547438.742,84.31351527,277.63,1.013,2.896081772,0.488307692,2.896081772
MNG,2002,1.36,21.21574657,1179000.0,57.33,2494617.0,44.94712047,4008.75894383826,53.63156,93.6,1547438.968,84.08603033,287.7,1.805,3.772688719,0.505538462,3.772688719
MNG,2004,1.26,20.89368886,1174900.0,57.94,2537949.0,41.54390677,4884.31297799209,49.65902,93.6,1554444.019,73.43635319,275.88,1.795,4.998723296,0.522769231,4.998723296
MNG,2006,1.69,21.25740732,1175300.0,52.45,2581242.0,41.74198962,5944.60673521418,45.68648,86.4,1557459.093,73.66312253,282.42,1.252,5.542414703,0.54,5.542414703
MNG,2008,1.38,23.49547583,1197000.0,65.71,2633887.0,38.46374956,7322.38304056277,41.71394,118.8,1557465.087,73.52139124,281.18,1.798,5.798663325,0.547333333,5.798663325
MNG,2010,1.72,27.9160191,1236030.0,60.99,2702520.0,33.52736009,7632.23787194393,37.7414,128.16,1557292.418,73.33884676,280.31,0.348,8.964183717,0.530766667,8.964183717
MNG,2012,1.8,38.23185898,1319103.3,70.51,2792349.0,35.01941858,10323.8868614016,33.76886,143.28,1557251.946,73.24948515,287.69,0.277,12.84267881,0.4903,12.84267881
MNG,2014,1.54,32.63102145,1312700.0,80.7,2902823.0,27.97516116,11126.6221730274,29.79631,229.32,1557252.921,73.001629,290.64,1.91,14.67192047,0.449833333,14.67192047
MOZ,2000,24.2,20.25544227,3900000.0,85.1,17768505.0,82.38448844,481.560149035121,90.09549,0.3596,786380.0,47.62328645,863.88,0.361,3.666666667,0.870563636,3.666666667
MOZ,2002,24.29,20.01364981,4450000.0,73.63,18694946.0,80.8775685,588.213084018864,86.58183,1.7356,786380.0,48.18684605,868.59,0.594,5.97752809,0.950051429,5.97752809
MOZ,2004,24.32,19.63984379,4600000.0,68.64,19694411.0,79.9968065,678.334060764242,83.06817,3.1267,786380.0,48.75040566,891.83,0.372,2.259782609,1.043474286,2.259782609
MOZ,2006,24.27,19.67334901,4900000.0,61.15,20735982.0,78.96492072,800.355339169682,79.55451,3.3433,786380.0,49.31396526,876.78,0.494,4.643061224,1.128467143,4.643061224
MOZ,2008,24.25,20.29609026,5400000.0,72.85,21845571.0,77.7622678,915.043029891218,76.04086,3.5389,786380.0,49.87752486,881.82,0.25,11.41722222,1.20503,11.41722222
MOZ,2010,24.37,20.98103112,5650000.0,75.13,23073723.0,76.54065438,997.012109167975,72.5272,3.49,786380.0,50.44108446,861.52,0.884,8.199469027,1.281592857,8.199469027
MOZ,2012,24.45,21.48820918,5650000.0,95.51,24487611.0,74.89957262,1069.29784584804,69.01354,48.6,786380.0,50.96609273,868.22,0.565,5.619522124,1.358155714,5.619522124
MOZ,2014,24.51,21.61458571,5650000.0,108.9,26038704.0,73.09940393,1154.62478831396,65.49988,8.352,786380.0,51.49110099,865.53,0.547,7.534084956,1.434718571,7.534084956
MWI,2000,22.21,23.01911411,2750000.0,27.21,11229387.0,73.19474715,981.820023295275,81.41073,120.742,94280.0,50.16970725,1380.0,0.769,18.10581818,1.23625,18.10581818
MWI,2002,22.37,22.95545599,2850000.0,26.12,11784498.0,73.25549314,938.865434423408,77.89671,128.7884,94280.0,51.2303776,1341.38,0.809,29.71368421,1.33802,29.71368421
MWI,2004,22.41,22.83443767,3000000.0,30.23,12411342.0,72.11523577,1040.24108868733,74.38269,145.4957,94280.0,52.82138311,1387.64,0.663,34.406,1.35054,34.406
MWI,2006,22.27,22.88596892,3300000.0,32.43,13118307.0,71.03605858,1131.3292566539,70.86866,155.9072,94280.0,56.05642766,1378.36,1.025,36.82454545,1.3568,36.82454545
MWI,2008,22.35,23.3640823,3450000.0,43.91,13889423.0,69.26597117,1319.66403826097,67.35464,176.2783,94280.0,57.64743318,1371.1,0.521,34.87043478,1.3568,34.87043478
MWI,2010,22.41,24.34896144,3500000.0,49.48,14718422.0,67.67215893,1468.30527951536,63.84062,198.9449,94280.0,58.17776835,1331.06,1.087,37.398,1.3568,37.398
MWI,2012,22.55,26.4999841,3500000.0,73.81,15581251.0,66.70738128,1476.10098852007,60.32659,168.9751,94280.0,58.17776835,1354.68,0.902,26.39718,1.3568,26.39718
MWI,2014,22.56,25.99733984,3601000.0,90.62,16477966.0,65.46424288,1518.66973047385,56.81257,199.2,94280.0,59.93848112,1361.73,1.069,39.76499861,1.3568,39.76499861
NER,2000,27.25,86.46585004,13975000.0,64.56,11622665.0,78.96350092,756.848942451152,70.03805,15.2203,1266700.0,29.20975764,100.55,0.798,0.32372093,0.841364706,0.32372093
NER,2002,27.4,87.67045714,13960000.0,67.06,12456517.0,78.73039765,825.293623944571,70.09604,16.6786,1266700.0,29.99921055,97.18,0.657,0.611819484,0.898258824,0.611819484
NER,2004,27.37,88.45347105,14105000.0,71.93,13366885.0,78.7186511,825.834619636182,70.15403,18.1368,1266700.0,30.37183232,108.33,0.653,0.239985821,0.955152941,0.239985821
NER,2006,27.47,88.52658372,14137000.0,82.93,14365168.0,78.17434328,928.887496184012,70.21202,20.952,1266700.0,33.93779111,108.25,1.281,0.527622551,1.042255556,0.527622551
NER,2008,27.43,88.18689664,14920000.0,81.63,15455175.0,77.76453814,1004.33467330828,70.27001,21.636,1266700.0,34.56382727,102.84,0.464,0.153418231,1.159566667,0.153418231
NER,2010,27.73,87.98401265,15100000.0,89.92,16647543.0,77.24097779,1051.24072015363,70.32799,18.972,1266700.0,34.72171785,107.56,1.722,0.49602649,1.276877778,0.49602649
NER,2012,27.7,88.56862529,15900000.0,95.03,17954407.0,74.54764568,1154.17699389167,70.38598,22.9968,1266700.0,35.35328018,115.33,0.779,0.923294969,1.394188889,0.923294969
NER,2014,27.74,71.65497941,16800000.0,89.48,19372014.0,73.5005732,1151.96688072261,70.44397,19.7568,1266700.0,36.0637878,105.78,1.2,0.999243452,1.5115,0.999243452
NIC,2000,25.75,25.41334164,1917000.0,47.28,5123222.0,32.95376109,2751.14367885396,71.59811,327.6,120340.0,42.7206249,1640.09,0.258,15.07563902,1.386680952,15.07563902
NIC,2002,25.88,25.1714026,1921000.0,50.57,5259006.0,31.54960857,2887.05070709114,70.33595,270.0,120340.0,43.20259265,1725.06,0.91,29.57678293,1.455828571,29.57678293
NIC,2004,25.93,24.71411876,1938000.0,58.53,5386223.0,30.30508369,3186.97828790275,69.07378,241.2,120340.0,43.41864717,1752.01,0.709,33.17956656,1.491142857,33.17956656
NIC,2006,25.84,23.82785993,1868000.0,66.62,5529811.0,29.15299741,3584.55571414072,67.81162,237.6,120340.0,43.27738075,1731.81,0.798,32.48768737,1.5198,32.48768737
NIC,2008,25.89,21.81388977,1712000.0,74.42,5687744.0,28.15943245,3965.26777429232,67.2,244.8,120340.0,42.6458368,1746.78,0.663,26.9182243,1.5418,26.9182243
NIC,2010,25.98,20.62744774,1555000.0,85.28,5855734.0,29.68994221,3960.535863455,67.2,237.6,120340.0,41.9644341,1724.22,0.944,34.2,1.512021818,34.2
NPL,2000,12.37,57.91037719,2354000.0,63.61,24559500.0,73.19013432,1316.13285868664,66.31029,104.4,143350.0,29.64143704,2033.26,0.109,31.01699235,9.5625,31.01699235
NPL,2002,12.7,58.76927791,2335000.0,67.09,25332178.0,73.29864022,1390.26159224533,63.41828,126.0,143350.0,29.58493198,2033.77,0.57,16.68094218,9.53634,16.68094218
NPL,2004,12.55,59.55124604,2300000.0,70.07,26003965.0,72.9713907,1543.20225493155,60.52627,180.0,143350.0,29.42448552,2037.37,0.386,8.025217391,9.51018,8.025217391
NPL,2006,12.58,58.32385513,2260000.0,73.92,26518971.0,70.48842409,1720.79521023814,57.63426,172.8,143350.0,29.19427973,2083.7,0.854,5.642035398,9.4971,5.642035398
NPL,2008,12.47,52.25120261,2220000.0,78.34,26881544.0,68.58645499,1949.9914605366,54.74225,172.8,143350.0,28.96407394,2065.04,0.379,1.364864865,9.4971,1.364864865
NPL,2010,12.74,48.37838373,2180000.0,83.59,27161567.0,67.39182905,2153.43450004512,51.85024,298.8,143350.0,28.78269969,2046.82,1.2,25.08669725,9.4971,25.08669725
NPL,2012,12.76,71.40605466,2118000.0,92.27,27330694.0,66.46565548,2484.25995757259,48.95823,241.2,143350.0,28.74782002,2000.76,0.468,26.69499528,9.4971,26.69499528
NPL,2014,12.78,75.11797417,2113700.0,96.67,27462106.0,65.41888552,2923.4105803964,46.06622,297.072,143350.0,28.74782002,2091.46,0.401,67.37034584,9.4971,67.37034584
PAK,2000,20.49,59.16341563,31040000.0,50.86,154369924.0,45.01249928,2573.66112840912,71.22167,16344.0,770880.0,47.60533416,406.2,0.807,95.44136598,172.56,95.44136598
PAK,2002,20.81,59.34946089,31220000.0,56.33,163262807.0,42.09145924,2687.16716027108,69.69687,21657.6,770880.0,47.84661685,410.58,1.141,97.78475336,175.1115,97.78475336
PAK,2004,20.74,59.26749427,30310000.0,59.54,170648620.0,43.06944634,3059.74283726854,68.17208,25156.8,770880.0,46.75825031,397.34,1.188,110.7789508,177.663,110.7789508
PAK,2006,20.62,57.44540129,30320000.0,64.21,178069984.0,43.38859252,3546.64586199601,66.64728,29433.6,770880.0,46.875,419.28,1.218,125.7302441,180.4425,125.7302441
PAK,2008,20.64,50.75391506,29460000.0,68.52,185931955.0,44.69524956,3792.72777756579,65.12249,31662.0,770880.0,45.80868618,435.28,0.569,119.1546504,183.5,119.1546504
PAK,2010,20.82,46.5708386,29390000.0,83.71,194454498.0,43.38948456,3878.84823532249,63.59769,32295.6,770880.0,45.71658364,419.26,1.45,138.3047295,185.28,138.3047295
PAK,2012,20.86,66.87195407,30240000.0,88.72,202205861.0,42.89598909,4155.89078282131,62.0729,27709.2,770880.0,46.78160025,421.49,0.446,117.3623677,187.88,117.3623677
PAK,2014,21.02,71.7121701,30440000.0,97.91,208251628.0,42.23319567,4437.52319639562,60.5481,28918.8,770880.0,47.0267746,421.06,0.57,134.8541393,194.87,134.8541393
PAN,2010,25.53,15.12894548,568890.0,84.66,3623617.0,17.42073903,15792.0888051555,27.11846,62.514,74340.0,30.48681733,3161.25,0.964,63.75925047,1.037,63.75925047
PAN,2012,25.55,14.67767169,565000.0,97.48,3754862.0,16.71275541,19639.7970766677,22.80692,61.398,74340.0,30.30669895,3278.77,0.834,76.73139823,1.155533333,76.73139823
PAN,2014,25.54,14.85540742,565000.0,99.49,3888793.0,15.70295091,24545.034143925,18.49538,60.84,74120.0,30.12682137,3258.26,0.948,58.99136283,1.2011,58.99136283
PER,2008,19.57,48.33215486,4788500.0,73.8,28806185.0,29.68663799,8793.45647006506,40.018,2329.2,1280000.0,19.11992188,2131.86,0.619,62.33329853,13.56,62.33329853
PER,2010,19.63,34.71117815,4856300.0,81.05,29229572.0,28.09985644,9665.65414482365,38.16923,2808.0,1280000.0,19.37054688,2103.27,1.022,75.30280255,18.31915236,75.30280255
PER,2012,19.74,33.90460616,4924160.0,91.33,29749589.0,26.14644194,10685.1151900022,36.32046,3715.2,1280000.0,19.60957813,2084.34,0.931,79.5472243,23.07330472,79.5472243
PER,2014,19.66,32.91971095,4419666.0,97.76,30353951.0,26.36794335,11427.38118528,34.47168,4118.4,1280000.0,19.39967188,2112.85,0.879,91.77682657,27.82745708,91.77682657
PHL,2006,26.08,29.17822658,5155000.0,78.29,87901835.0,34.66086027,4662.42097111803,45.75529,1728.0,298170.0,38.83690512,2479.06,0.827,143.5792435,78.89,143.5792435
PHL,2008,26.08,26.57919297,5450000.0,85.69,91252326.0,34.0384545,5225.89716073898,44.34919,4619.52,298170.0,40.27903545,2458.34,0.562,104.9730275,82.489,104.9730275
PHL,2010,26.22,23.02842614,5300000.0,88.99,94636700.0,32.99668593,5587.86559801365,42.94309,5353.2,298170.0,40.58087668,2452.15,1.066,151.4354717,83.273,151.4354717
PHL,2012,26.27,21.83519619,5580000.0,93.45,98032317.0,32.16137011,6227.50204497855,41.53699,5582.88,298170.0,41.68762786,2405.59,0.881,118.3512545,84.248,118.3512545
PHL,2014,26.25,20.33688244,5590000.0,97.2,101325201.0,30.42012945,6849.93768632247,40.13089,7471.44,298170.0,41.91568568,2542.43,0.905,157.3435903,84.432,157.3435903
PRY,2000,24.25,13.55518605,3020000.0,54.44,5123819.0,31.85651217,6906.10318986937,42.02714,609.8475,397300.0,37.9943116,1378.52,0.216,21.58940397,0.49,21.58940397
PRY,2002,24.44,13.22741427,3210000.0,56.48,5286512.0,33.82807793,6891.19777513459,39.03,602.6858,397300.0,38.49267556,1433.63,1.22,47.71588785,0.823969697,47.71588785
PRY,2004,24.43,12.72865832,3370000.0,54.67,5416324.0,32.75006787,7645.71526585098,36.03286,606.4055,397300.0,38.90042789,1430.41,0.493,78.42195846,1.157939394,78.42195846
PRY,2006,24.27,12.4981511,3550000.0,69.82,5534675.0,30.30915556,8515.06846689949,33.03571,702.4082,397300.0,39.35348603,1401.74,1.0,72.72112676,1.491909091,72.72112676
PRY,2008,24.49,12.37118323,3757000.0,66.77,5645148.0,25.29626946,9812.20740087121,30.03857,817.0872,397300.0,39.8241631,1370.69,0.355,74.70401916,1.825878788,74.70401916
PRY,2010,24.69,12.36306742,3975000.0,76.73,5768613.0,25.45409964,10835.4512781418,27.04143,939.4571,397300.0,40.3854518,1355.94,0.415,85.60603774,2.131348485,85.60603774
PRY,2012,24.87,12.36124522,4360000.0,71.07,5923322.0,24.65157224,10905.6612295476,24.04429,1124.4127,397300.0,41.35449283,1329.69,0.919,84.22599312,2.413,84.22599312
PRY,2014,24.99,11.45920641,4663000.0,101.71,6090721.0,22.08481378,12563.7909365412,21.04714,1371.6786,397300.0,42.1171407,1377.85,1.26,108.3527343,2.413,108.3527343
RWA,2002,19.59,30.88794478,1116000.0,44.01,8372306.0,87.71429848,762.191533742935,67.93933,25.8367,24670.0,76.53019862,1701.93,0.622,2.194444444,0.190717895,2.194444444
RWA,2004,19.54,30.1750167,1121000.0,52.37,8791853.0,86.43168623,834.645499289793,64.45814,16.3853,24670.0,76.32752331,1677.53,0.704,1.815343443,0.23143579,1.815343443
SDN,2012,27.55,64.14971774,19856760.0,96.26,35159792.0,44.54926009,3896.46533203125,83.8333,1393.2,1868000.0,59.6712848,253.3,0.956,3.327887329,26.935,3.327887329
SDN,2014,27.65,49.51694329,19823160.0,98.8,37003245.0,43.28595428,4470.1357421875,78.74829,1983.6,1868000.0,59.66004283,235.09,0.891,4.200625935,26.935,4.200625935
SEN,2000,29.01,69.35359631,3322000.0,56.87,9704287.0,49.24789459,2016.6794980681,67.15485,104.4,192530.0,46.88619955,549.89,0.916,11.49909693,1.58995,11.49909693
SEN,2002,29.06,64.75318974,3050000.0,53.35,10180950.0,47.00446172,2083.56690105655,63.59985,118.8,192530.0,45.44746273,538.61,1.433,11.79442623,2.22095,11.79442623
SEN,2004,29.21,57.68415892,2987000.0,57.46,10698691.0,43.39543706,2294.1966550427,60.04485,190.8,192530.0,45.120241,539.92,1.204,12.71175092,2.254770869,12.71175092
SEN,2006,29.18,56.32875901,2838000.0,65.43,11263387.0,39.84344756,2472.99948793345,56.48985,180.0,192530.0,44.09702384,563.34,1.436,2.307258633,2.288591739,2.307258633
SEN,2008,29.22,56.59650366,3620000.0,66.74,11872929.0,39.05539123,2618.98166381059,52.93485,176.4,192530.0,48.1743105,568.65,1.37,2.303038674,2.323225744,2.303038674
SEN,2010,29.3,57.012926,3620000.0,75.46,12530121.0,37.96461593,2684.87819067648,49.37985,266.4,192530.0,48.18989248,524.04,1.527,8.610220994,2.357317659,8.610220994
SEN,2012,29.33,71.98450975,3300000.0,88.91,13231833.0,36.03712215,2780.69458000611,45.82485,306.0,192530.0,46.56417182,576.94,0.926,10.52424242,2.391409574,10.52424242
SEN,2014,29.37,54.88946654,3300000.0,95.35,13970308.0,32.94232472,2890.94079075817,42.26985,342.0,192530.0,46.60052979,541.35,1.202,11.38484848,2.425501489,11.38484848
SLE,2002,26.44,41.78167837,910080.0,26.42,5140113.0,67.1900682,749.971599033627,73.9,3.084,72180.0,44.75034636,2595.81,0.882,5.783788238,0.19822,5.783788238
SLE,2006,26.47,41.02154796,1689880.0,58.85,5809774.0,67.52994731,937.142045185325,69.80989,1.2624,72180.0,55.83097811,2626.05,1.005,8.22963169,0.2122,8.22963169
SLE,2008,26.51,38.50603023,1372230.0,69.83,6090860.0,65.79602008,1065.37286933057,67.07228,3.6142,72180.0,51.43017456,2603.19,1.145,5.88480794,0.2122,5.88480794
SLE,2010,26.59,36.92147859,1580380.0,92.48,6436698.0,63.91156345,1129.95969992952,64.33467,5.6029,72180.0,54.45247991,2555.25,1.308,9.887071464,0.2122,9.887071464
SLE,2012,26.68,42.39698958,1471650.0,101.17,6788587.0,61.02886601,1379.63002147394,61.59705,4.1639,72180.0,53.15392075,2633.89,0.491,8.974796997,0.2122,8.974796997
SLE,2014,26.7,36.21937351,1584000.0,103.46,7140688.0,57.64924574,1735.51881524229,58.85944,4.5792,72180.0,54.71044611,2580.68,0.935,9.396458333,0.2122,9.396458333
SLV,2002,26.38,31.35156893,619300.0,87.62,6011275.0,19.74721419,4652.40139191708,49.5,248.4,20720.0,60.98938224,1551.21,0.894,79.81915065,1.67268,79.81915065
SLV,2004,26.42,28.77270113,611500.0,85.82,6035655.0,19.12940325,4971.9387335332,49.5,295.2,20720.0,61.80984556,1528.76,0.834,98.39411284,1.96948,98.39411284
SLV,2006,26.31,26.72832208,604000.0,97.5,6034436.0,18.86019559,5664.21542159085,46.49143,252.0,20720.0,58.73069498,1543.34,0.636,108.7731788,2.118,108.7731788
SLV,2008,26.42,24.76622347,638800.0,98.87,6068099.0,18.68787884,6135.20795343995,40.48857,277.2,20720.0,59.72490347,1464.2,0.266,136.7485911,2.118,136.7485911
SLV,2010,26.49,23.82953946,655400.0,99.19,6114034.0,20.77824213,6201.12696154532,34.48571,280.8,20720.0,59.35810811,1523.54,0.567,184.1714983,2.118,184.1714983
SLV,2012,26.5,24.2617826,672000.0,97.2,6161289.0,20.97045308,6656.87500160757,28.48286,299.9234,20720.0,58.98648649,1504.77,0.698,151.8315327,2.118,151.8315327
SLV,2014,26.49,23.56244814,688600.0,97.53,6209526.0,18.76443505,7447.4337629305,22.48,331.5148,20720.0,58.6003861,1525.67,0.738,100.2080308,2.118,100.2080308
SSD,2012,28.04,39.05812518,2658712.5,96.5,10701604.0,61.69382978,1424.6219892591,94.20176,266.4,631930.0,45.09662858,1222.29,1.172,0.000188061,0.658,0.000188061
SSD,2014,28.17,31.4965311,2575137.5,98.5,11213284.0,60.16503728,1375.42364473082,94.2,266.4,631930.0,44.98494691,1186.52,0.946,0.006753037,0.658,0.006753037
SUR,2000,26.48,32.1762436,57000.0,73.96,478998.0,6.675654387,7498.40478757848,7.43018,54.0,156000.0,0.564102564,1692.28,0.693,101.754386,0.67,101.754386
SUR,2002,26.72,30.00887126,45000.0,77.91,495666.0,7.731987049,8060.1253418773,8.26719,54.0,156000.0,0.474358974,1693.16,0.684,92.17777778,0.651966667,92.17777778
SUR,2004,26.92,26.48551613,53000.0,81.23,510572.0,8.437498032,9450.43985902309,9.10421,57.6,156000.0,0.496794872,1488.24,0.953,141.0377358,0.633933333,141.0377358
SUR,2006,26.7,25.34038888,49000.0,87.1,522023.0,8.869867114,10864.0910249329,9.94123,61.2,156000.0,0.466666667,1722.98,0.868,183.3265306,0.6159,183.3265306
SUR,2008,26.71,25.14459676,47000.0,91.16,533938.0,8.453327561,12172.2752941391,10.77825,60.336,156000.0,0.453846154,1606.97,0.895,548.6595745,0.6159,548.6595745
SUR,2010,26.75,24.73000403,55000.0,113.89,546080.0,7.691118621,13131.2133354881,11.61526,60.0348,156000.0,0.501923077,1717.03,1.353,211.9272727,0.6159,211.9272727
SUR,2012,26.89,26.35644953,52000.0,110.08,558111.0,7.132383101,15307.9587588495,12.45228,64.7177,156000.0,0.469230769,1646.36,0.877,188.9638462,0.6159,188.9638462
SUR,2014,26.9,25.57949241,65000.0,95.91,569682.0,6.933898632,16763.391642822,13.2893,68.5856,156000.0,0.565384615,1688.72,1.039,194.9921538,0.6159,194.9921538
SWZ,2000,20.42,23.52350058,178000.0,80.14,1030496.0,18.36370944,4602.45336889423,55.35217,486.0,17200.0,71.10465116,858.49,-0.231,32.58426966,1.042,32.58426966
SWZ,2002,20.4,22.45442095,178000.0,86.64,1050809.0,17.84218326,4943.72073475472,55.35217,576.0,17200.0,71.1627907,906.24,0.608,59.86516854,1.0524,59.86516854
SWZ,2004,20.46,21.18694515,178000.0,80.95,1065764.0,16.99380491,5494.45454620036,55.35217,729.36,17200.0,71.1627907,851.16,0.68,58.92674157,1.0628,58.92674157
SWZ,2006,20.44,21.04365154,177000.0,96.47,1077735.0,16.17679466,6490.03186306782,47.92817,555.48,17200.0,71.10465116,891.27,0.089,61.11457627,1.068,61.11457627
SWZ,2008,20.39,21.50406893,177000.0,96.63,1089870.0,15.49471748,7074.29571594271,40.50418,645.48,17200.0,71.10465116,880.9,0.307,54.80135593,1.068,54.80135593
SWZ,2010,20.51,21.80223993,177000.0,99.67,1099920.0,14.87796159,7525.38705719026,33.08018,785.88,17200.0,70.99088953,914.73,0.919,53.46836158,1.068,53.46836158
SWZ,2012,20.66,21.13945882,177000.0,105.22,1111444.0,14.28533667,8076.33718085072,25.65619,831.96,17200.0,70.93023256,843.76,0.311,60.9180791,1.068,60.9180791
SWZ,2014,20.67,20.78155051,177000.0,100.82,1125865.0,13.74593,8715.03126827338,18.23219,867.6,17200.0,70.69767442,845.99,0.341,65.08305085,1.068,65.08305085
TCD,2000,27.05,56.9478334,3600000.0,43.52,8259137.0,81.59042566,773.745302534528,91.58375,13.9184,1259200.0,38.61975858,325.03,0.396,4.861111111,0.779306667,4.861111111
TCD,2002,27.21,56.41189481,3700000.0,48.49,8838369.0,79.99842145,909.521547123959,90.45647,14.4019,1259200.0,38.69917408,324.01,0.859,3.115054054,0.86136,3.115054054
TCD,2004,27.16,55.34118221,3800000.0,54.06,9613503.0,78.2340163,1342.35047848862,89.32919,16.4574,1259200.0,38.77858958,335.51,0.897,2.329526316,0.87352,2.329526316
TCD,2006,27.2,54.36682771,3900000.0,60.25,10365614.0,76.92865793,1563.0607091028,88.20191,15.6346,1259200.0,38.85800508,334.18,1.42,3.416076923,0.8796,3.416076923
TCD,2008,27.25,53.22517282,3900000.0,67.43,11098664.0,76.14512817,1626.43831287506,87.07463,16.4524,1259200.0,38.85879924,326.59,0.534,3.648774359,0.8796,3.648774359
TCD,2010,27.48,52.6348533,4200000.0,75.78,11894727.0,74.86964334,1828.93949571159,85.94735,24.6464,1259200.0,39.10022236,334.75,1.33,4.033333333,0.8796,4.033333333
TCD,2012,27.5,57.12047419,4650000.0,84.08,12754906.0,73.44224407,1743.38025164613,84.82007,34.8898,1259200.0,39.45759212,348.95,0.585,2.42416129,0.8796,2.42416129
TCD,2014,27.57,46.80527884,5200000.0,94.91,13697126.0,71.79028761,1697.79972021064,83.69279,40.4528,1259200.0,39.89517154,335.41,0.909,2.483284615,0.8796,2.483284615
TGO,2000,27.19,63.69743453,2270000.0,72.59,5008035.0,57.21271135,1349.3910545985,69.27204,0.6808,54390.0,62.51149108,1339.16,0.545,8.739207048,0.169666667,8.739207048
TGO,2002,27.18,57.40257546,2310000.0,77.47,5281538.0,56.28387668,1390.85709884008,66.02873,0.6315,54390.0,63.24692039,1365.42,0.76,5.756233766,0.169,5.756233766
TGO,2004,27.27,47.67384896,2350000.0,84.82,5565218.0,54.70275084,1460.66667037045,62.78541,0.7614,54390.0,63.9823497,1357.21,0.766,3.67086383,0.205,3.67086383
TGO,2006,27.23,45.87836439,2390000.0,96.69,5874240.0,53.74702463,1439.74686031292,59.54209,0.7866,54390.0,65.63706564,1394.41,1.061,0.013878661,0.223,0.013878661
TGO,2008,27.27,46.34279372,2430000.0,107.36,6222482.0,47.50063894,1462.91884793053,56.29878,0.8611,54390.0,66.83213826,1372.42,0.798,0.000222222,0.223,0.000222222
TGO,2010,27.37,47.12720312,2460000.0,104.43,6571855.0,39.86433609,1574.64802388676,53.05546,1.0179,54390.0,67.38371024,1400.99,1.272,9.837926829,0.223,9.837926829
TGO,2012,27.44,53.64079227,2650000.0,102.46,6926635.0,37.00574644,1686.66878837804,49.81214,1.1812,54390.0,70.78507079,1385.96,0.615,5.022867925,0.223,5.022867925
TGO,2014,27.51,43.06363427,2650000.0,93.89,7288383.0,36.79080213,1848.68736814505,46.56882,1.3367,54390.0,70.2334988,1367.43,0.963,1.846203774,0.223,1.846203774
THA,2008,26.74,37.34951271,17838000.0,83.02,67328239.0,41.39375954,12114.3997272743,13.01419,1015.2,510890.0,44.31090841,1613.64,0.378,110.6145723,57.307,110.6145723
THA,2010,26.91,33.46905055,17524000.0,87.86,68270489.0,38.24448796,12990.7882835263,11.97763,1209.6,510890.0,44.67497896,1627.78,1.293,143.2600011,57.307,143.2600011
THA,2012,26.94,31.5886299,17432000.0,96.24,69157023.0,42.14298605,14675.633556789,10.94107,1371.6,510890.0,44.69063791,1626.83,0.908,145.3028373,57.307,145.3028373
THA,2014,26.87,29.97053846,17042000.0,101.62,69960943.0,33.49302911,15421.415567255,9.90451,1490.4,510890.0,44.71021159,1620.75,0.692,156.728607,57.307,156.728607
TJK,2000,-0.2,37.03304794,784000.0,23.32,6272998.0,60.077384,1038.06852416455,60.27623,15552.0,139960.0,32.67362103,694.2,0.879,11.35204082,12.309,11.35204082
TJK,2002,0.27,35.66039685,781000.0,31.29,6541755.0,57.96721859,1255.01462721582,55.72756,15102.0,139960.0,32.65933124,723.05,1.164,40.97923175,11.9376,40.97923175
TJK,2004,0.14,33.58887912,778000.0,39.09,6801204.0,55.70790572,1547.64316851959,51.1789,15487.2,139960.0,33.22377822,690.5,1.218,25.04823907,11.5662,25.04823907
TJK,2006,0.2,33.43715768,737000.0,43.84,7057417.0,54.87307363,1810.32947677804,46.63024,16128.0,139960.0,33.8310946,689.92,1.439,35.19377205,11.1948,35.19377205
TJK,2008,-0.04,35.39557001,741000.0,49.92,7324627.0,53.73147902,2124.00574186447,42.08157,15649.2,139960.0,33.77393541,727.27,0.795,11.03388664,11.02257778,11.03388664
TJK,2010,0.14,39.79495425,746900.0,55.99,7621779.0,52.43790279,2300.20493983891,37.53291,12934.8,139960.0,33.978994,762.07,1.202,9.592783505,10.85035556,9.592783505
TJK,2012,0.37,51.37942636,738600.0,63.01,7956382.0,50.92560149,2698.49868705194,32.98425,13795.2,139960.0,33.93112318,742.73,-0.161,9.159233685,10.67813333,9.159233685
TJK,2014,0.49,46.67001301,800200.0,76.57,8326348.0,49.26395618,3189.27564638984,28.43558,14472.0,138786.0,34.67352615,756.74,0.364,21.06819545,10.50591111,21.06819545
TKM,2000,16.36,19.16078582,1940000.0,48.14,4569132.0,35.23958275,4221.14156574617,10.5,6678.0,469930.0,75.543166,159.94,1.278,51.8556701,24.8271,51.8556701
TKM,2002,16.84,18.01183032,2040000.0,63.25,4698968.0,34.78083444,4458.7278395275,10.5,7156.8,469930.0,75.22396953,176.52,1.781,54.85294118,26.00236667,54.85294118
TKM,2004,16.64,16.84559014,2040000.0,67.39,4819792.0,33.84316208,4935.83326159839,10.50752,7851.6,469930.0,74.58557658,172.03,1.644,70.53921569,27.865,70.53921569
TKM,2006,16.61,16.83896235,2040000.0,77.33,4954029.0,32.60083984,6404.07718403233,10.25739,8863.2,469930.0,73.8407848,172.43,1.692,126.7156863,27.865,126.7156863
TKM,2008,16.57,18.36775881,1990000.0,91.92,5100083.0,31.56231467,8295.71463937152,10.00727,9975.6,469930.0,73.09599302,167.74,0.726,135.5276382,27.91554,135.5276382
TKM,2010,16.53,21.47222782,1940000.0,93.28,5267970.0,30.29197163,9476.37646338688,9.75714,10522.8,469930.0,72.35120124,177.87,1.908,141.7525773,27.96608,141.7525773
TKM,2012,16.79,27.02097147,1940000.0,95.49,5458682.0,28.78924122,11742.7478607781,9.50701,11102.4,469930.0,72.00646905,182.99,0.799,144.3298969,28.01662,144.3298969
TKM,2014,16.96,25.07251342,1940000.0,95.8,5663152.0,27.15245873,13384.5034632596,9.25688,12697.2,469930.0,72.00646905,171.92,0.728,209.6907216,28.06716,209.6907216
TLS,2006,24.91,20.37899178,117600.0,83.52,994564.0,60.50953235,1352.23561878101,56.1,2.8522,14870.0,22.36718225,1710.5,0.117,0.301615646,1.172,0.301615646
TLS,2008,24.94,19.28398119,116800.0,89.88,1043076.0,58.69552126,1657.94798426635,54.0,4.2431,14870.0,22.64963013,1648.16,0.175,0.000770548,1.172,0.000770548
TLS,2010,24.96,17.66053899,116000.0,94.21,1088486.0,54.96981747,1948.4908930546,50.0,3.8437,14870.0,22.73032952,1562.06,0.837,3.092413793,1.172,3.092413793
TLS,2012,25.01,17.65438371,115200.0,101.8,1137676.0,56.80122595,2380.28211947073,46.0,3.1852,14870.0,22.80430397,1598.89,-0.273,1.487847222,1.172,1.487847222
TLS,2014,25.03,16.80690478,114400.0,93.83,1184830.0,55.0106721,2852.79562644242,42.0,10.0737,14870.0,22.87155346,1639.26,0.465,0.178758741,1.172,0.178758741
TUN,2006,20.28,24.91612061,2763000.0,76.12,10483558.0,19.43819847,8614.46708910532,10.4,2876.4,155360.0,63.11791967,203.83,1.354,44.91494752,2.884,44.91494752
TUN,2008,20.51,26.27397962,2835000.0,81.48,10680380.0,18.02174528,9846.37432827244,10.4,2725.2,155360.0,63.60066941,200.52,1.464,40.84656085,2.914,40.84656085
TUN,2010,20.57,27.15258968,2823000.0,83.91,10895063.0,17.9460991,10430.0336654394,10.14415,3085.2,155360.0,64.61122554,186.58,1.848,47.43181013,3.116,47.43181013
TUN,2012,20.45,22.69446282,2848000.0,88.59,11174383.0,17.07380472,10458.0487975574,9.64392,3286.8,155360.0,63.86457261,215.05,1.705,49.50842697,3.3188,49.50842697
TUN,2014,20.49,25.16384477,2588000.0,96.76,11428948.0,14.86729668,10798.7568828305,9.14369,3672.0,155360.0,62.82826982,208.3,1.956,45.7496136,3.5224,45.7496136
TUR,2000,11.72,22.49729664,23826000.0,48.66,64113547.0,36.92504538,9498.96441384638,24.58136,11052.0,769630.0,52.59540299,670.14,0.54,87.66943675,42.0,87.66943675
TUR,2002,11.6,22.14539327,23994000.0,52.53,65988663.0,34.96016378,9281.08773902607,23.18733,12564.0,769630.0,53.52701948,712.05,0.801,72.79594899,39.87833333,72.79594899
TUR,2004,11.75,21.60163002,23871000.0,58.47,67785075.0,29.10087905,10854.6888473665,21.79329,14022.0,769630.0,53.54521004,709.54,0.605,85.62753969,39.53808333,85.62753969
TUR,2006,11.83,21.82396578,22981000.0,62.32,69601333.0,24.05804628,13581.5198702273,20.39926,15984.0,769630.0,52.61359354,732.56,0.884,91.83734389,40.97925,91.83734389
TUR,2008,11.98,23.53082224,21555000.0,67.08,71051678.0,23.66865938,16038.2956212622,19.00523,20901.6,769630.0,50.83221808,690.55,0.858,71.97248898,41.96,71.97248898
TUR,2010,12.03,24.63573026,21384000.0,73.38,73142150.0,23.70422205,17343.6771298998,17.61119,20106.0,769630.0,50.68929226,725.06,2.381,98.3756547,46.96,98.3756547
TUR,2012,12.06,23.24401623,20577000.0,89.19,75175827.0,23.55567979,20627.4920606022,16.21716,21060.0,769630.0,49.90320024,724.82,0.969,100.3464062,50.51,100.3464062
TUR,2014,12.08,23.48748584,20699000.0,99.04,77181884.0,21.08474481,24105.0237978098,14.82313,18583.2,769630.0,50.09420111,707.75,1.315,105.3307889,51.97,105.3307889
TZA,2000,22.87,20.21773554,8600000.0,48.41,34463704.0,83.00734982,1156.7705078125,81.32802,256.871,885800.0,38.38338225,1179.77,0.423,2.605116279,4.2593125,2.605116279
TZA,2002,23.01,20.75046147,8600000.0,52.85,36353531.0,80.6879306,1293.73791503906,77.07039,287.6203,885800.0,38.60916685,1151.96,0.521,3.699767442,5.184,3.699767442
TZA,2004,23.03,21.13594093,9097100.0,57.56,38360879.0,77.01453052,1472.4560546875,72.81275,311.5215,885800.0,39.23808986,1192.8,0.712,5.523408559,5.184,5.523408559
TZA,2006,23.02,21.61325788,10211300.0,64.1,40562052.0,72.53054191,1695.30871582031,68.55511,358.2498,885800.0,40.49593588,1163.85,0.776,5.127358906,5.184,5.127358906
TZA,2008,23.05,22.12607669,11325700.0,67.25,42870884.0,71.52493543,1895.01220703125,64.29748,486.0,885800.0,41.74125085,1165.93,0.382,4.67662043,5.184,4.67662043
TZA,2010,23.1,23.10531126,11688500.0,77.77,45110527.0,70.47877607,2053.25244140625,60.03984,619.2,885800.0,42.22059156,1139.13,0.898,8.720109509,5.184,8.720109509
TZA,2012,23.21,25.56674876,12051300.0,89.94,47786137.0,69.42080392,2065.52709960938,55.78221,651.6,885800.0,42.33189659,1165.65,0.78,8.688855144,5.184,8.688855144
TZA,2014,23.19,24.2244901,12414100.0,97.04,50814552.0,68.05035902,2200.939453125,51.52457,648.0,885800.0,43.17927297,1167.67,0.853,9.682719649,5.184,9.682719649
UGA,2000,23.09,33.22130883,5300000.0,51.91,24020697.0,70.00474479,1123.24794768722,80.90118,0.7353,199810.0,62.61948851,1771.33,0.291,1.252641509,0.3296,1.252641509
UGA,2002,23.22,32.36430988,5600000.0,61.18,25545090.0,68.83685311,1254.38168953942,78.21228,0.766,199810.0,64.12091487,1789.2,0.664,1.332678571,0.36155,1.332678571
UGA,2004,23.16,31.03928801,5950000.0,73.7,27146084.0,69.70044406,1405.67932314887,75.52337,0.72,199810.0,66.3730544,1804.57,0.709,1.471932773,0.453366667,1.471932773
UGA,2006,23.24,30.84864269,6100000.0,79.97,28773227.0,71.29799388,1660.92371238683,72.83447,2.16,199810.0,67.37775887,1810.76,1.065,1.25442623,0.545183333,1.25442623
UGA,2008,23.23,31.38442337,6450000.0,85.6,30509862.0,72.94500412,1932.5875850571,70.14557,6.84,199810.0,69.63740554,1805.01,0.712,2.942015504,0.637,2.942015504
UGA,2010,23.32,32.51755117,6750000.0,90.35,32341728.0,71.40881827,2094.73327748402,67.45666,3.6,200520.0,71.14003591,1770.34,1.422,1.719407407,0.637,1.719407407
UGA,2012,23.38,35.89056658,6900000.0,95.67,34273295.0,66.1356621,2035.74951495604,64.76776,4.5202,200520.0,71.88809096,1797.99,1.012,2.125192754,0.637,2.125192754
UGA,2014,23.44,34.11161667,6900000.0,97.77,36336539.0,70.46190936,2137.474174733,62.07886,4.84,200520.0,71.88809096,1792.39,1.022,1.819995652,0.637,1.819995652
UKR,2000,9.04,27.5510972,32564000.0,100.49,49176500.0,22.26711024,4260.8017578125,5.0,18075.6,579350.0,71.46975058,663.14,1.406,13.51185358,18.28,13.51185358
UKR,2002,8.86,25.3241058,32544000.0,106.17,48202470.0,21.77963409,5173.30322265625,5.0,13438.8,579340.0,71.4537232,675.68,1.521,15.94939159,17.0024,15.94939159
UKR,2004,8.87,22.83650793,32482000.0,102.37,47451626.0,20.8043227,6737.595703125,4.6,11469.6,579340.0,71.38122691,694.09,0.907,16.41801613,15.7228,16.41801613
UKR,2006,9.2,21.37690536,32446000.0,103.95,46787786.0,18.75019182,8054.83203125,3.9,11689.2,579360.0,71.2579398,662.61,0.268,21.55365839,15.0356,21.55365839
UKR,2008,9.33,20.41739755,32474000.0,98.21,46258189.0,16.94457291,9436.7939453125,3.2,11329.2,579320.0,71.2766692,665.58,1.602,32.78684486,14.9408,32.78684486
UKR,2010,9.5,19.71077035,32477000.0,99.88,45870741.0,16.55047596,8561.1552734375,2.5,11811.6,579320.0,71.23351516,654.75,1.605,32.65818887,14.85,32.65818887
UKR,2012,9.3,18.67665038,32518000.0,101.29,45593342.0,15.94096837,9681.5224609375,1.8,13791.6,579320.0,71.28530001,673.34,1.912,41.40875823,12.8745,41.40875823
UKR,2014,9.33,18.42632353,32770000.0,103.98,45272155.0,14.77261948,10664.6240234375,1.1,12538.8,579290.0,71.65840943,651.58,1.665,44.9081477,10.899,44.9081477
URY,2000,17.73,12.94484648,1373000.0,86.21,3292224.0,11.10416732,10842.9274823181,23.7,727.2,175020.0,85.46451834,1206.12,0.358,75.83539694,3.66,75.83539694
URY,2002,17.73,12.4965101,1381000.0,77.56,3306441.0,11.19671973,9946.48272136171,23.7,648.0,175020.0,85.2645412,1290.11,0.629,61.02679218,3.66,61.02679218
URY,2004,17.82,11.83397499,1389000.0,87.14,3313801.0,10.89392587,11000.4076568671,23.67571,788.4,175020.0,84.72745972,1319.81,0.454,129.9884809,3.66,129.9884809
URY,2006,17.78,11.18236254,1396000.0,103.23,3322282.0,10.73754677,13049.3667528413,19.95,889.2,175020.0,83.96183293,1274.79,0.582,148.6969914,3.66,148.6969914
URY,2008,17.79,10.43049609,1826000.0,96.13,3336126.0,10.57995355,15534.5281350821,16.22429,1072.08,175020.0,83.84184665,1313.35,0.728,104.4140197,3.66,104.4140197
URY,2010,17.72,10.03056041,2033000.0,93.05,3352651.0,11.56682689,17690.9089946008,12.49857,1027.08,175020.0,82.46486116,1335.56,0.292,145.7835711,3.66,145.7835711
URY,2012,17.9,9.716873958,2160000.0,96.92,3371133.0,8.60561636,19288.782511773,8.77286,1203.48,175020.0,81.34498914,1301.39,0.901,178.1498843,3.66,178.1498843
URY,2014,17.96,10.44239771,2436100.0,99.9,3391662.0,9.139669089,21640.0332134751,5.04714,987.84,175020.0,82.7054051,1256.07,1.256,184.4914946,3.66,184.4914946
VNM,2000,24.17,27.23326426,6200000.0,41.45,79001142.0,65.25564929,2552.99752593495,45.31667,2401.2,311060.0,28.22606571,2014.97,0.122,365.6451613,71.814,365.6451613
VNM,2002,24.19,27.37291606,6600000.0,48.57,80642308.0,62.04158181,2932.25742740365,40.37283,2901.6,310550.0,30.44598293,2043.27,0.715,295.4877348,75.9004,295.4877348
VNM,2004,24.3,27.48668781,6469500.0,54.76,82311227.0,57.89314943,3458.20309887594,35.429,3340.8,310070.0,31.5915761,1977.18,0.371,367.8145946,79.8118,367.8145946
VNM,2006,24.27,27.00075971,6348000.0,66.43,83951800.0,51.66877479,4147.3597841295,30.48516,3517.2,312795.0,32.21918509,2011.71,0.885,342.972396,81.862,342.972396
VNM,2008,24.24,25.47348872,6282500.0,75.96,85597241.0,48.5713112,4820.21643536763,25.54133,4222.8,312792.0,32.73996777,1961.8,0.216,303.4636403,81.862,303.4636403
VNM,2010,24.34,23.07625967,6437400.0,83.51,87411012.0,48.70731953,5391.94096786795,20.59749,3409.2,313294.0,34.34505608,2002.33,1.113,365.25343,81.862,365.25343
VNM,2012,24.4,21.51164395,6401300.0,89.6,89301326.0,47.36677802,6391.7239977328,15.65365,4557.6,313457.0,34.43311204,2008.1,0.764,371.1376174,81.862,371.1376174
VNM,2014,24.39,20.40350649,6409500.0,94.56,91235504.0,46.33576259,7332.39585680778,10.70982,6811.2,313371.0,34.69912659,2002.14,0.551,436.8485404,81.862,436.8485404
ZAF,2000,18.32,24.36177415,13812000.0,56.85,46813266.0,21.02495763,8155.20548976471,27.60971,14234.4,1213090.0,80.88847489,530.72,0.287,53.5983203,12.733,53.5983203
ZAF,2002,18.33,23.58936361,13700000.0,58.99,47661514.0,19.69783924,8858.37965836172,27.22887,16718.4,1213090.0,80.8085138,549.84,0.53,61.20489051,13.15869231,61.20489051
ZAF,2004,18.36,22.66818948,13300000.0,64.66,48556071.0,18.58803138,9800.74535525038,26.84803,22172.4,1213090.0,80.46229051,527.89,0.962,60.28759398,13.58438462,60.28759398
ZAF,2006,18.44,22.71703629,12600000.0,73.1,49491756.0,17.76944514,11365.3189779957,26.46718,21027.6,1213090.0,79.86876489,542.74,0.429,62.33642857,14.01007692,62.33642857
ZAF,2008,18.33,23.89908409,12800000.0,80.3,50565812.0,17.95300811,12661.1987786671,26.08634,21351.6,1213090.0,80.05011994,541.22,0.698,56.29320313,14.43576923,56.29320313
ZAF,2010,18.42,24.86127304,12533000.0,86.92,51784921.0,16.56719331,12773.7380588313,25.7055,21618.0,1213090.0,79.87123791,550.87,1.187,53.77802601,14.86146154,53.77802601
ZAF,2012,18.56,24.6444105,12000000.0,87.19,53145033.0,16.14434733,13142.5888035372,25.32466,20844.0,1213090.0,79.41785028,518.49,0.624,61.58333333,15.28715385,61.58333333
ZAF,2014,18.56,24.54848349,12000000.0,98.36,54729551.0,13.96786996,13570.1497112664,24.94382,20599.2,1213090.0,79.41785028,549.91,0.814,66.49166667,16.473,66.49166667
ZMB,2000,22.31,24.38804463,2844000.0,47.82,9891136.0,68.8359331,1730.36525882892,63.78455,464.4,743390.0,30.30172588,1107.61,0.124,11.03762307,1.6055,11.03762307
ZMB,2002,22.44,24.45081432,2582000.0,52.61,10508294.0,70.19576524,1861.48041779696,62.23191,504.0,743390.0,30.42279288,1087.23,0.764,26.07474826,1.572,26.07474826
ZMB,2004,22.47,24.47255127,2862000.0,52.08,11188040.0,70.85016352,2095.69168436546,60.67926,356.4,743390.0,30.80079097,1100.61,0.406,29.90461216,1.572,29.90461216
ZMB,2006,22.3,24.5785406,3013000.0,52.48,11971567.0,70.4185549,2409.37421406501,59.12662,320.4,743390.0,31.0039145,1118.86,0.76,25.67706605,1.572,25.67706605
ZMB,2008,22.46,24.86721887,3052000.0,62.51,12852966.0,69.00803087,2743.4797645414,57.57398,597.6,743390.0,31.05637687,1110.18,0.518,38.65661861,1.572,38.65661861
ZMB,2010,22.42,25.42102275,3400000.0,89.54,13792086.0,66.48872441,3136.63341836807,56.02134,698.4,743390.0,31.52584781,1103.4,1.453,29.17352941,1.572,29.17352941
ZMB,2012,22.6,26.87103025,3800000.0,96.75,14744658.0,63.93390195,3361.72133097838,54.4687,882.0,743390.0,32.06392338,1095.75,1.109,37.62609737,1.572,37.62609737
ZMB,2014,22.6,26.0707378,3700000.0,111.29,15737793.0,61.75294853,3475.75962936452,52.91605,867.6,743390.0,31.93209486,1123.68,1.001,51.83082703,1.572,51.83082703
ZWE,2000,21.68,20.26517812,3600000.0,100.53,11834676.0,65.61030625,2237.57926489714,27.52175,4647.6,386850.0,38.92981776,680.14,-0.212,45.91666667,3.807,45.91666667
ZWE,2002,21.81,20.32914569,3650000.0,91.17,11984644.0,69.10552137,2120.46754530188,26.92639,4708.8,386850.0,39.98966007,721.2,0.635,35.70136986,4.205,35.70136986
ZWE,2004,21.84,20.37197137,3800000.0,87.16,12160881.0,72.43850081,1710.90868560682,26.33104,4309.2,386850.0,41.35970014,643.36,-0.005,22.72421053,3.951,22.72421053
ZWE,2006,21.61,20.49387436,4100000.0,86.11,12330490.0,72.9916649,1632.94406374055,25.73569,3045.6,386850.0,42.13519452,727.36,-0.14,32.35634146,3.697,32.35634146
ZWE,2008,21.75,20.80367837,4250000.0,89.72,12550347.0,72.22429467,1332.27508267235,25.14033,2134.8,386850.0,42.52294171,691.73,0.196,21.99411765,3.548125,21.99411765
ZWE,2010,21.77,21.48622138,4000000.0,105.58,12839771.0,67.16228873,1804.29538959085,24.54498,1670.4,386850.0,41.87669639,722.8,0.944,34.083,3.5046375,34.083
ZWE,2012,21.82,23.53952785,4000000.0,112.63,13265331.0,65.90206212,2366.17601155791,23.94962,1886.4,386850.0,41.87669639,685.75,0.465,18.25,3.460625,18.25
ZWE,2014,21.91,23.42925253,4000000.0,93.85,13855753.0,67.24392748,2618.24085915746,23.35427,2473.2,386850.0,41.87669639,688.39,0.147,25.775,3.416875,25.775
